query_id,doc_id,relevance,notes
Q001,B07G9QDLHR-2jJ5ciOD4c,2,
Q001,B0182Y1IUG-MsFmP6wdnC,2,
Q001,B07HPC9TLX-YRsMfihslQ,1,
Q001,B00WEN2SXS-j3Ofx7LMoo,1,
Q001,B01KB8R3NW-Q0K8KEpgYJ,1,
Q001,B07PV3R2Y4-ln6Eoie0gV,1,
Q001,B071F78NNF-C9qXmVHtyv,1,
Q001,B01MZ4IMKE-50DF5kJThy,2,
Q001,B098Q4SS34-LVI0qPbXQw,2,
Q001,B07C1M5KRZ-pCPZygFP0x,2,
Q001,B01EWUD3Y8-mHnEJK1g2W,2,
Q001,B07NNV9HQS-50OXirZRiR,2,
Q001,B0058WE96Q-ppaX3QjBvK,0,
Q001,B0754TT12Q-mtzRhFqxdE,2,
Q001,B072N2JF9V-oRaFxMPMDE,2,
Q001,B07N133RCG-9kNKLFrAZT,0,
Q001,B073RBSXY9-zHzmA4KR1V,1,
Q001,B01B26W9YA-asN3Mc47DS,0,
Q001,B08PHS33D9-k07Eb1fL13,0,
Q002,B082BJYV38-dSJeCwEJwp,2,
Q002,B08CVGMFRB-FyQk8RCQan,1,
Q002,B07YM54GLC-K3Xr7tdfFk,2,
Q002,B079JPNPF3-dVRAAiB38w,2,
Q002,B08L5MZD4R-BsURjsxNbn,0,
Q002,B07QVNSJF7-MgNiUHCKTD,2,
Q002,B07FVZVQKV-td26fEeVVh,1,
Q002,B08JVK8B58-yWmzD1i5t5,0,
Q002,B08X7JHQG5-eNo41eoPni,0,
Q002,B08FCBXJFB-8RgzTgYjKx,1,
Q002,B009WI1UKA-NfezsS2GPq,2,
Q002,B08ZRTSR2S-ijULzIDHPn,2,
Q002,B07V8LQCZL-G2076ZS0IE,1,
Q002,B07V8GH8D7-fMNz7xcmxa,2,
Q002,B07DLGQBF5-E86PWtzjxU,1,
Q002,B0011TP6W6-GQaNQXwR2P,0,
Q002,B00EV8ZKPC-PYJ0OQgE0O,0,
Q002,B01E1KBPPI-Gtzd7g3pp7,0,
Q002,B079788PBL-dAbfIGCbSU,0,
Q002,B01MZCXXM8-a7pR9fFWIu,0,
Q002,B081D87QCJ-P5V5mMTcJA,0,
Q003,B00899F1V2-6wy442hkJP,2,
Q003,B07B6F7NJ5-zNmREpOaUV,2,
Q003,B07VDMZ1PW-i2Vw0NJZla,2,
Q003,B082TW3YFH-FSE568xENK,2,
Q003,B01N4KWW5D-svlG3EL956,1,
Q003,B00WEN2SXS-j3Ofx7LMoo,0,
Q003,B09P1DQ6ZX-Zf3vUkvzDQ,1,
Q003,B086LJJ53J-wkIeRm8ohD,0,
Q003,B07QC9811V-5JJcEqU41M,2,
Q003,B08WHBSK6R-dFrYTtLPts,2,
Q003,B07HY9QT12-2YJR7IVU7C,2,
Q003,B071NW126W-0aVN4yK3Gl,2,
Q003,B077D8QM6K-EOfHl2wBqC,2,
Q003,B01HORDQ0C-EGR1IL3k6y,2,
Q003,B07DGKQWSB-zRIB5cg0LW,2,
Q003,B002ZGQ998-x6wADd17Qq,2,
Q003,B019H3S566-5LvKMpwLT3,2,
Q003,B004MSZM7M-qoAxj7jXkE,2,
Q003,B08LQZSNBN-YtojweDwYI,1,
Q004,B088FKY3VD-YTH8xIZM1J,2,
Q004,B07PRKKHRX-9dNj001eEo,2,
Q004,B08QTT5RKJ-RrpeMvBiDP,2,
Q004,B07VT3JKBX-KcKVqALrHb,2,
Q004,B07WH6RDYV-hgHeNwuq1n,2,
Q004,B09W15H84K-lWep6AwyRs,1,
Q004,B09F5JSDXQ-9i144vyISh,1,
Q004,B01IT7527Q-jdg3vSFkpB,1,
Q004,B098TF7F6D-lzqxKNEOls,1,
Q004,B00ZHYZ7VQ-fsxXr4oI5O,1,
Q004,B07S1XH21J-OS3JrU7jXf,1,
Q004,B01MQLTBRC-9Vj0OXdjoc,1,
Q004,B0B212ZSWM-wqFthIUF2w,1,
Q004,B07FTB1X84-eO6biUqOPz,1,
Q004,B08ML45Q7Y-ujVmkwVT8g,0,
Q004,B08K8T4M29-J3KjJa8cDV,1,
Q004,B00HN8FD9A-KgDDwHqKIX,1,
Q005,B08VJ2T61V-NHXjhF1eF9,2,
Q005,B08X721P37-g4NQtqgWL1,2,
Q005,B08GH5G5WY-JghZ26IEh9,2,
Q005,B07HQJDGXL-i1mClzOboB,2,
Q005,B0BLZ2LL8T-YWLSlBZ1Bl,2,
Q005,B08GYJ3GMB-INM1MjeBsr,1,
Q005,B074NYYDNK-OfIJvN5nIY,1,
Q005,B08HMLXW65-KuLqIoDMwE,1,
Q005,B08N6426GW-0ZYsHN4Cfa,0,
Q005,B08793JJSZ-2W0lzRdyuL,2,
Q005,B08QJ9GZV2-BvKCMACzXt,0,
Q005,B074YHVN5D-fpwFPq9bzC,0,
Q005,B08JV1CW8Z-lbf6OZ6NRh,1,
Q006,B016MNB4HQ-7iP4XTx6II,2,
Q006,B00ODGNIOC-wj0wxrv82f,2,
Q006,B00MOX3N5A-6CJJGkxU5i,2,
Q006,B084V8XPH8-54TEF4eZN2,2,
Q006,B07BDNTXWN-FEQRO5TpcY,2,
Q006,B01N7YLLZ5-sClbYCJAyZ,2,
Q006,B00D62C2F0-bpGuyjvvMo,0,
Q006,B07K8FMSQV-20aoWX67hB,0,
Q006,B07KFRJYPJ-CPwdHnAnqZ,2,
Q006,B00MZ3IOT4-BU7nozVBZf,2,
Q006,B00JZKAUV0-s2dYS4q2CW,0,
Q006,B01GHQMIKU-wsgaI1uTwW,0,
Q006,B01KB8R3NW-Q0K8KEpgYJ,2,
Q006,B0011TP6W6-GQaNQXwR2P,0,
Q006,B07TXGF1TP-jwed7JJNyA,0,
Q006,B014Z8DG12-Qd0o4mVwZp,0,
Q007,B071LC52QC-B9xqeWlzIo,2,
Q007,B016K6VDZI-ff09nrYHgM,2,
Q007,B07SXJ5BM9-wW1uhw3U3x,2,
Q007,B01HVKVUU0-TA7Xrc5UTI,1,
Q007,B0928PP6J6-0rir1agkKj,1,
Q007,B07R9RNDV5-FJjuGhmKfF,1,
Q007,B07X5V6QLB-z52Dm7tO4f,1,
Q007,B01G83S1F8-BhEOgzIafL,0,
Q007,B074KMVZX4-hvl6pRX6Wg,0,
Q007,B00T2HFC00-HxcF2OElbZ,0,
Q007,B08L4NF3JG-0xgEjgN78n,1,
Q007,B01GPEIUCO-qoktlT7PKK,0,
Q007,B08J2LY93D-t46xHr4YxX,0,
Q007,B00LEBJWRQ-ZSP7cxuqFO,1,
Q007,B07CR7K3LQ-fpJVqGsbVe,0,
Q007,B01MCZ0KUO-UrLHzDA28P,0,
Q007,B07VM9X4K9-MFI2Z3m0Lq,0,
Q007,B08H5HYM2P-PvYZwkVRaC,2,
Q008,B00EA0CQQ2-2i51XlDDgy,2,
Q008,B004290P7I-LHsXt665VH,1,
Q008,B07DWMKCFD-3zDE6vRbrl,0,
Q008,B09M3Y179K-3knH4UrIFj,1,
Q008,B01M0RH8UQ-O9UpBndebd,0,
Q008,B0982XM4K3-WxLGaNpOZz,1,
Q008,B08MPW7GRG-D7sg710vjI,0,
Q008,B07X13G3YV-bmHmGqDTiR,0,
Q008,B07B2HG17S-t5fbyLOBsa,0,
Q008,B01HD2BZJC-AVQG7UYm7j,0,
Q008,B09FXT9KS4-s2iFKXksYC,1,
Q008,B00IWHLOQ2-rd8aQt33zP,1,
Q008,B07PG84Q36-yxqAoV4YQr,1,
Q008,B07SLV3FKR-ADeAnY99pM,0,
Q008,B098SWVC2J-vKnBuXotqt,0,
Q008,B00D60KG0U-OjmmLAbrib,0,
Q008,B07FPBMSGQ-nNga5NeEm9,0,
Q008,B07K4GZQDY-O0NYuwahmB,0,
Q008,B0106BXPM2-FZX0Nog3St,0,
Q008,B0BHZBGJV6-kisieVydnG,1,
Q008,B00E6E2STC-Kfl3Dsmcmv,0,
Q008,B09BBG1WQ2-05LRUAbhAY,0,
Q008,B0BCH69C79-TSjgsxu07s,0,
Q008,B0B1F1M4F7-togY6T4WIu,0,
Q008,B079R47NWB-6kH63oYmSe,0,
Q008,B072JW8MJH-G2WGBZc9Gy,0,
Q009,B079JPNPF3-dVRAAiB38w,2,
Q009,B0725JP3J3-httP6hbs7Q,0,
Q009,B07YM54GLC-K3Xr7tdfFk,0,
Q009,B08ZRTSR2S-ijULzIDHPn,0,
Q009,B09JC2GTVD-KkZssTKu39,1,
Q009,B07K2TNXVX-M6HMHXp8yM,2,
Q009,B07GS93SMP-VV5xofA9ul,1,
Q009,B082BJYV38-dSJeCwEJwp,0,
Q009,B08XQNVBHQ-xSTxNI1Ynh,2,
Q009,B095PB68Y1-DCc8uRGZZq,0,
Q009,B08R8JSNL8-MbyIbNiCdx,1,
Q009,B00T5KQAUU-R6IIl92EtE,1,
Q009,B00687D7DQ-cYArdCQZyH,0,
Q009,B08FCBXJFB-8RgzTgYjKx,0,
Q009,B07QVNSJF7-MgNiUHCKTD,0,
Q009,B07K9TV3LT-yl6S4M8V9k,1,
Q009,B014Z8DG12-Qd0o4mVwZp,0,
Q009,B07H78GH8D-ejTrqgXKVu,1,
Q009,B08B2Q6BJ7-uJJEvQdgWC,0,
Q009,B071F78NNF-C9qXmVHtyv,1,
Q009,B07JB8KQF6-oEQ7OxQXOW,0,
Q009,B000JKGAV4-XHiXNiCARY,0,
Q010,B098Q4SS34-LVI0qPbXQw,2,
Q010,B07G9QDLHR-2jJ5ciOD4c,2,
Q010,B00WEN2SXS-j3Ofx7LMoo,2,
Q010,B073RBSXY9-zHzmA4KR1V,1,
Q010,B076WQZGPM-nFbmOHnKYa,2,
Q010,B07PV3R2Y4-ln6Eoie0gV,1,
Q010,B007K9Y1BI-3U7ugK4RIU,1,
Q010,B01KB8R3NW-Q0K8KEpgYJ,0,
Q010,B07YYKZPPX-ffT6Uhw07J,0,
Q010,B07HPC9TLX-YRsMfihslQ,1,
Q010,B07NNV9HQS-50OXirZRiR,0,
Q010,B01EWUD3Y8-mHnEJK1g2W,0,
Q010,B074D39JGY-U5DKXP6ega,2,
Q010,B01E8JZX00-coeuMWMS6h,0,
Q010,B07Q7QCR5Q-TJQ9j6A05f,0,
Q010,B075DVZ8GC-UWrPL4Qqzb,2,
Q010,B07Z8H6BLP-tuF2UAoakM,0,
Q011,B07PQ3VS2T-u6s1974sYZ,2,
Q011,B09D7Q1XNX-NM7AaMntD4,2,
Q011,B0BJDMQ7YH-6NEVICRjb7,2,
Q011,B00YU3G7QO-L6Ca7ThnbB,2,
Q011,B07Z67T19Y-sHEekF2MpS,2,
Q011,B08M1W9THV-KofgQTwOEW,2,
Q011,B08LZT26G2-YzLP9XgiiD,1,
Q011,B07P8L2FD5-GVrriCKoSy,1,
Q011,B078SMKSLL-Z7HAk5IK2p,1,
Q011,B0C3VJ3RS1-ADb2b1AvtB,1,
Q011,B081W69ZHV-jNBKatcwaU,1,
Q011,B07MB9LPK6-eCqJsJDrVf,1,
Q011,B0BRT233MY-papwYvuhzR,1,
Q011,B0BS6LSNTP-3vVgatAcTV,1,
Q011,B08LZW5Z3X-SBKYzV8ZOW,1,
Q011,B00ZDPSEIC-aH02q49IcY,1,
Q012,B002ZNCAIA-vruvfmYAjf,2,
Q012,B0044EPWWE-JRB4Ei8tN5,2,
Q012,B00C9YRSCS-diedNmp0NJ,2,
Q012,B004D7NNMS-Rq5U9Lz0pF,0,
Q012,B07ZCND3VX-OmZM4S3ite,1,
Q012,B007G5M51Y-wteUHuM56j,2,
Q012,B0046L5XUG-Nyi27yakAT,2,
Q012,B08MZ153X8-3yrls8vQfs,2,
Q012,B07RJQXPNZ-mXowWdKZNb,1,
Q012,B07NW26QY4-dXGMSUv1PT,2,
Q012,B0B4NXY6MW-ZKctb8UqP1,2,
Q012,B087G5L13L-dSPhj4a8Oe,2,
Q012,B09CGXHCJM-sDY6m1rPwm,2,
Q012,B01NH36C9I-avSeZ9cvIn,2,
Q012,B07S1FCN3W-i1e1qz2tTW,2,
Q012,B08XXNHVX3-Z5BnbwmgH0,2,
Q012,B0819S8JV2-XN9Ru2QYVs,2,
Q012,B076D2KLYX-9UiAo9TwbT,2,
Q012,B09KC11XYV-5amXdFbxma,2,
Q012,B08DCXS6PL-vQOcgU6CXq,2,
Q013,B07MXNWGD7-qqaf9yxCRC,2,
Q013,B00DZU7V6S-HJ9jlRK4GI,2,
Q013,B00NQ6HH2O-UUgKLn4Ff0,2,
Q013,B07JMVG652-DEuzI6TZqL,2,
Q013,B0767QM7J5-MabQDpdhEN,2,
Q013,B0031CZIHE-K0BCpZbUoy,1,
Q013,B08JVMC83L-h0d2zxigu3,1,
Q013,B07YHH41LW-ib0bjwYvmA,2,
Q013,B087LP8R49-a8VUOkQOsC,1,
Q013,B076JLWTPJ-yXJcaIASTU,1,
Q013,B00FH42IFO-94xiwGT3Et,2,
Q013,B00E4FKQA6-ZrgbW0vsF8,0,
Q013,B003JRI0GC-L9vGrTxuPf,0,
Q013,B0B74S6CVC-wGKVD9Q5xV,1,
Q013,B01LZRL2Z5-hQ4iwfjZpA,0,
Q013,B000PSPBQA-fiH0siERVL,0,
Q013,B003BIGDDG-UBz8zXv15U,1,
Q013,B000VBLC28-5lfA8ppY5Q,0,
Q013,B088BP8QHY-FhIz0KswCJ,0,
Q014,B094QCFMHC-tU7rruFhbI,2,
Q014,B08GQZBWNW-ztbaTP8a7j,2,
Q014,B004OLUEZ2-hQ7uCgNcXW,2,
Q014,B0B41QGR8W-wuF1FSPBWs,1,
Q014,B07HCJ59ZQ-PYH1CXUkU4,1,
Q014,B0BYNJRYCW-HObfwWILfw,1,
Q014,B01AFU5OW8-RKLpDDNQlF,1,
Q014,B003O9H2NC-95P6OtHxLK,1,
Q014,B09KMWQ8FX-j57yFtCcM3,1,
Q014,B08FR9YGLZ-XYDbVMTONO,1,
Q014,B000GZ8NGC-5zHc72Lpi7,1,
Q014,B08F3K9X1X-S6kpeD3f84,1,
Q014,B07CV2SZSC-ssLETHwIze,1,
Q014,B09XJJC8T2-rE5YdrwIWv,0,
Q014,B081MYPSHN-uhAnLBrkbW,1,
Q014,B00FGX9X3Q-YzAucudT9i,0,
Q014,B08JVMC83L-h0d2zxigu3,1,
Q014,B07VF48T4Y-BPox44X5Zq,1,
Q015,B00A31P8LC-jreiAkqFiy,2,
Q015,B005H47EJ4-UZJTJAXX9i,2,
Q015,B00L8GH576-gQ384WTSO4,1,
Q015,B00EM2JL8E-rB749qwB06,1,
Q015,B01FMTKUH6-tz0SRD6z9N,1,
Q015,B00EZ2EDF2-Q4uWPOPXxX,1,
Q015,B00VCWTH4K-5nTAyGCjZI,1,
Q015,B08TX564PQ-2x9mZXoFxr,1,
Q015,B07VCL1B3V-gFnttFmMa5,1,
Q015,B0BCG8Y77J-0vh3PsqIAC,1,
Q015,B07CV2SZSC-ssLETHwIze,0,
Q015,B07VF48T4Y-BPox44X5Zq,0,
Q015,B01HG6SLYM-076BrNISK0,1,
Q015,B07QS6Q7PP-wYoIXKBPvm,0,
Q015,B01AFU5OW8-RKLpDDNQlF,0,
Q015,B00FGX9X3Q-YzAucudT9i,0,
Q016,B00LHR3X0O-wPHnMjruSN,2,
Q016,B00M25EHBY-UiN5roVZ9g,1,
Q016,B0053F9LCK-paNIkLAolY,2,
Q016,B082H75CVG-JIGJZM9TfA,1,
Q016,B0B4RZW32C-693IO39Kb9,1,
Q016,B002ZNP8FW-u705XCN00N,2,
Q016,B00LGUCGKA-hZ3NbagTOm,2,
Q016,B00LHR0ERE-hfqv4N0mNo,2,
Q016,B00UUPF2WQ-oJKr0TP1XQ,2,
Q016,B005BNME6Y-pYXv5jekuY,2,
Q016,B004XL0A16-91aqlaHOAO,2,
Q016,B008DJSKFW-jfgGPVSQ4x,2,
Q016,B0024I8PFS-pIwM3aGljD,2,
Q016,B07VY8GF94-FmCbbXDxDk,2,
Q016,B001DHKAFO-Mdp7gu1pwT,2,
Q016,B09YTQ97F6-I6hSrOB7To,2,
Q016,B01FA7OLIO-lpO2mQ8tOt,2,
Q016,B07M5NCW9T-V2ME98SReE,2,
Q016,B00L5G7TJI-XPw0Yz7qze,1,
Q016,B09X458GW6-NZk8UnzLGD,1,
Q016,B09GMPYJX2-wo5Z5PXTWL,1,
Q017,B0764KBDSK-rCdrIEH3W3,2,
Q017,B08K31FCFC-QygIO2O30z,2,
Q017,B0892B3VWM-lNZU9NyRvz,2,
Q017,B092M5RTJQ-jYgfAKlwQn,2,
Q017,B07MP9SK23-QwWM7lZJVp,2,
Q017,B09LLZZ6C6-cdIFWh4Ofu,2,
Q017,B096539FVN-3ZxLkIN4QR,1,
Q017,B077SRPNNZ-a5sOOT6fM2,2,
Q017,B07RGW4RX5-E5crx6fZVB,2,
Q017,B075WC9TVK-dwYyw1ikSg,2,
Q017,B07FCKWGLM-HiKHNZxjW6,2,
Q017,B0BMW2CPCN-P0EzPtCjGg,1,
Q017,B079M3G76T-UzsrTzrbCI,2,
Q017,B0B5DRSS4M-YORDk6DFyg,1,
Q017,B09CD8ST7T-khJfNFu5XJ,2,
Q017,B071J6WLFN-GEr3u7E6gN,2,
Q017,B08XTC8CQX-fNbxIuocGH,1,
Q017,B01CY29SC2-w0Lxdzzcfs,2,
Q018,B0B5DRSS4M-YORDk6DFyg,2,
Q018,B07MP9SK23-QwWM7lZJVp,2,
Q018,B01HOIYIB2-ZYbB3jMFst,2,
Q018,B07FCKWGLM-HiKHNZxjW6,1,
Q018,B092M5RTJQ-jYgfAKlwQn,1,
Q018,B077SRPNNZ-a5sOOT6fM2,1,
Q018,B09CD8ST7T-khJfNFu5XJ,1,
Q018,B071J6WLFN-GEr3u7E6gN,1,
Q018,B075WC9TVK-dwYyw1ikSg,1,
Q018,B09LLZZ6C6-cdIFWh4Ofu,0,
Q018,B0BMW2CPCN-P0EzPtCjGg,1,
Q018,B07JG1GNHJ-5EnRXm0CZK,1,
Q018,B079M3G76T-UzsrTzrbCI,1,
Q019,B002BN22F0-qRl6I3vCdo,2,
Q019,B0016CDF4O-o6jl5GUDgy,0,
Q019,B0B4J3NPWJ-siEIBnyyuY,2,
Q019,B09DFYKT71-jBLJWtPfrl,1,
Q019,B0B11TPLM2-bnv8ISb9CK,1,
Q019,B08ZWDYSZC-ToeVsNlqNW,2,
Q019,B075DJBFSW-G9kOeA6yaW,1,
Q019,B07D6L2QX2-LbsFNESCi1,2,
Q019,B0161GJ2N2-Ycdsd0NaUc,0,
Q019,B083LKGQ9P-QLDWiJ1rc1,2,
Q019,B09YXNXDGB-s6A4NFLyuI,2,
Q019,B0842PYWP5-ly3SmgBapc,2,
Q019,B07RK6SYZ3-qaHh1KK9dT,2,
Q019,B0BV6Q4LR6-nh2G1V5gOp,2,
Q019,B07PLW76PH-1cengt7tlm,1,
Q019,B0BD2MT2FN-6RXiFVy6gY,1,
Q019,B00RWU4QZG-Eo9iHwyVVo,1,
Q019,B01LB1U5OM-jhrPLIQR9Y,1,
Q019,B09MYP2VRV-l7j9BDxxch,1,
Q019,B00WT80GUU-G8K2N3i8g5,2,
Q020,B094QCFMHC-tU7rruFhbI,2,
Q020,B0B41QGR8W-wuF1FSPBWs,1,
Q020,B0B7RNTHPJ-mqdq2fym29,2,
Q020,B0BCG8Y77J-0vh3PsqIAC,1,
Q020,B06XWT388P-NcZhGnniHS,1,
Q020,B09YPQLNS4-3mTiiic9o8,2,
Q020,B0BYNJRYCW-HObfwWILfw,1,
Q020,B0BKLLMGR3-ZPfAIKsco5,2,
Q020,B0BNKP5QDM-KjiLGHQlO7,2,
Q020,B0BSGK7XJ8-f1MuNrzrbk,1,
Q020,B004OLUEZ2-hQ7uCgNcXW,1,
Q020,B01AFU5OW8-RKLpDDNQlF,1,
Q020,B08F3K9X1X-S6kpeD3f84,1,
Q020,B014MGU9RG-hoaCYq8OXn,1,
Q020,B08FR9YGLZ-XYDbVMTONO,1,
Q020,B07VF48T4Y-BPox44X5Zq,1,
Q020,B07HCJ59ZQ-PYH1CXUkU4,1,
Q020,B00E4FKQA6-ZrgbW0vsF8,0,
Q020,B07YHH41LW-ib0bjwYvmA,1,
Q020,B00CBN098M-LJTZ9fg2FU,1,
Q020,B09YMH4HTQ-s9sWUlKi61,0,
Q020,B00MOCO9OA-DU4MIV9ukW,0,
Q021,B08SQRJ843-Mi6oc81FIZ,2,
Q021,B09127SS9K-fXWAZIUwJp,2,
Q021,B08SWH86R8-zp2o0s8oxi,1,
Q021,B09BCS9J2P-koseFfJYBp,1,
Q021,B0977ZJ2HB-whukKfYym3,1,
Q021,B09NSBF88B-guvIeza8td,0,
Q021,B08BZJVBZS-9pA1UhzRyE,0,
Q021,B07PG9ZRXF-o9t39oFOJM,2,
Q021,B0826P4LNV-rHy9ChGzGT,2,
Q021,B01FM22AD0-IPfEn0sZpr,1,
Q021,B08CDL6LVT-ScLPhVoocP,1,
Q021,B08H23L4QZ-iQB66cxMg5,2,
Q021,B09MH8ZCGR-9wTkbsbFsf,1,
Q021,B0B142R3WM-8WezzTT0zz,2,
Q021,B09QCB9T4Z-edpG0GUqMO,2,
Q021,B09MKKNVBS-JVDiT5NOdV,2,
Q021,B0B2D6FK9W-xoxDybXwaa,2,
Q021,B08X6D6HST-gdAlaxu7U4,2,
Q021,B08NSJCW9C-KP0NGB3TuK,2,
Q021,B09TQRJW1L-t8bkgPbzp2,2,
Q021,B09NVZGJFM-VcOuIbS4Jv,2,
Q022,B088ZH7977-Emg2h9quNO,2,
Q022,B09WHBKYV7-yPcYL6l2fM,1,
Q022,B07ZF24729-Hdr8UCyh1n,0,
Q022,B07TY7J37B-NIh76aEgv7,2,
Q022,B076NNS7T2-NfPwYgnXRk,2,
Q022,B07VWRBHKL-MySESJNCji,2,
Q022,B0177E6582-NeZ07lzSsZ,2,
Q022,B07S6YYPHC-7Uft75OAp5,1,
Q022,B01EMLWTHO-mEBRfJb05a,1,
Q022,B07GNMKF4N-pabaPqShLc,1,
Q022,B07SXT6N65-R6U0YqqdHf,1,
Q022,B016YA8WGS-vzY9VG7VYV,1,
Q022,B081YMJQTD-72JLtPabRv,1,
Q022,B08BNTPSL2-r4wTNorJOA,1,
Q022,B00SD90IK2-zBwDGnjea4,1,
Q022,B00DFLEV4C-J1mSiXXcyw,0,
Q022,B07Q8JSSJK-BWrEZMl6F6,0,
Q022,B08B7ZQ8BL-09nu0rxBp9,1,
Q022,B0BFJ1MDGG-N8WzVDLvpV,0,
Q022,B08RS8PVVV-NsnSnPBoVO,0,
Q022,B08FJFVZZL-3Xnty4lyDF,0,
Q022,B08MBW59D8-ehhdjLFpM6,0,
Q022,B08HYRXSCB-yyiAHjMLKD,0,
Q022,B09P7VGLK2-tEJxTWFjP0,0,
Q023,B07PDQCT92-zYmoTO3kER,2,
Q023,B09JJXV9K8-jI8rOnEGaJ,2,
Q023,B09FZ5NGQ5-Psr5geI779,2,
Q023,B07MV7RGS4-wDezIN7z5p,2,
Q023,B07P16ZBPG-M0FBnTLBUg,2,
Q023,B00U6EZ6KY-ZvzsFH49BK,0,
Q023,B08RNPMMB8-9lFgor3kFU,2,
Q023,B09173TJGT-tnvKkJpoe2,0,
Q023,B09WFTJ7ZQ-jbKnQFhHor,0,
Q023,B08JJ8KLMY-leT4u7Rl3v,0,
Q023,B0983D2ZNX-kwnV0W1tg8,2,
Q023,B07MDRD6B8-wFaqLYEi8C,1,
Q023,B07Q31MJ6B-lUkIBk07HE,0,
Q023,B086XC4L7N-aFn630xAJH,0,
Q023,B08CZF8SXL-1tx22iqVPt,0,
Q023,B07V5NTNZ5-oEeXzWrAYr,2,
Q023,B0C65FDLKT-pm5JQduWg8,0,
Q024,B01M8HP3H4-6G111Q0IG4,2,
Q024,B07BSH4563-EFjbp47k2p,0,
Q024,B00DTLI1XK-JLbqFeNz1c,0,
Q024,B007BXGYWC-c50tZxPfLz,0,
Q024,B00T25AHPW-n3VjbTkBXa,0,
Q024,B07H26P2BZ-FJ0kdt2ikq,0,
Q024,B008JHZN94-aAobD77g0V,0,
Q024,B07RQRHD53-1Ct4rZixYu,0,
Q024,B08CBVSF67-wIptvRT1OU,0,
Q024,B07Z818MLY-SmNqE40fAr,0,
Q024,B00K6IXRHY-ZbVLL75GQD,0,
Q024,B082FR9HC7-eYpxwSnGzH,0,
Q024,B06WP437DB-KNJR4wpPBH,0,
Q024,B07DWL86JZ-prl5g8oscZ,0,
Q024,B0085VUVFU-X2vWrmT39s,0,
Q024,B08D86HLWH-VmHIHgKQLr,0,
Q024,B01N2I66QY-hnLddvjFjs,0,
Q024,B0159K3KE8-yOSzlxqlbc,0,
Q024,B00MEBP2WY-5coZDns40w,0,
Q024,B09BQQM3XL-fPf8Cfark7,0,
Q024,B09J41V1TL-lxmOPKvfn3,0,
Q024,B09SG3QRTK-Opi65eyMrb,0,
Q024,B086H7T67B-aIdP2Affhh,0,
Q024,B0B3LTBB8B-piTJXDJA6k,0,
Q024,B00ECME9UY-oKrUkyzn3f,0,
Q024,B09C82R78D-TRGDCtTGds,0,
Q024,B0B4R7QLP9-7wrngtFRbI,0,
Q024,B09KXQ6BCS-ntx7wAbX1c,0,
Q024,B0978W94VH-HYZqex4dPz,0,
Q024,B09S5DZD29-2KoDooCJGY,0,
Q024,B09XDW87RN-A88Jsbo66u,0,
Q024,B09DSJVYGF-VXjROzHeGR,0,
Q025,B0BY2KTRS9-bKzHkFpLnO,1,
Q025,B0BYKB1VHL-EpAq00umSb,1,
Q025,B07X8761BH-yAIxwPLtxR,0,
Q025,B0BG561XZ4-IwH9COYBcz,1,
Q025,B0BKPTCB74-jOUuhBp8je,1,
Q025,B0BWRKVXHP-cWQza7yFWZ,1,
Q025,B0BF9M2Y3W-McZsAbJxyB,1,
Q025,B09KZ7Q8WB-2944N9XVkk,0,
Q025,B09DSQ6PF6-2U6EMgqZKI,0,
Q025,B09B3HV4RV-GIuulFDTBC,1,
Q025,B0B6598L4W-ZGGu16OAiF,0,
Q025,B09MQLG1QN-3FARgVFsRo,0,
Q025,B0BDG89TJ2-mh8kVdvjNy,0,
Q025,B08B9SH5XD-dPMFhgquLX,0,
Q025,B084G8XL8J-GToraqMffN,0,
Q025,B09RZZD545-XwKsnbTHYr,0,
Q025,B0B8YNDK45-W5wr7UHxal,0,
Q025,B0BGR3RM25-AYaTvC0NzU,0,
Q025,B0BS31BMJN-wsH1M4dtFL,0,
Q025,B0916P1VCN-G47T4t0oun,0,
Q026,B01LX6AJJ4-Rt8eZAjC45,2,
Q026,B08DJ9BRCW-BrlLdcosBf,2,
Q026,B06XG96DCV-v6xy3MHHYh,2,
Q026,B081BBPWZX-VEXHf6Q3dS,1,
Q026,B08BFYFDF7-8QJZJl5PmN,1,
Q026,B082TNM27W-ejz8DiZfKG,1,
Q026,B07HFZ5MMS-nOc4cQLGea,1,
Q026,B016M42QNG-qHAF9y2GDA,1,
Q026,B07CKRZM5R-pvroCY0Okz,2,
Q026,B07ZF24729-Hdr8UCyh1n,2,
Q026,B00JTS4ZKA-I39nu6yFKd,0,
Q026,B00XSA563A-mWecKrnKU9,0,
Q026,B07PG9ZRXF-o9t39oFOJM,0,
Q026,B0839CY3LC-iy9xO2TEZo,0,
Q026,B08CDL6LVT-ScLPhVoocP,2,
Q026,B01K1S58GQ-IMANmLj7hF,0,
Q026,B087ZTS8CM-cUBaQGHS9J,2,
Q026,B08KYCP5CX-PBSr47uRP0,0,
Q026,B07CQWFCTW-sMkcxKYwYH,0,
Q026,B078VLH7JV-cMg5NWV7la,0,
Q026,B00EUEIIB0-dHLE9Ft3KP,0,
Q026,B010R8LSK0-sfRNadRnRh,0,
Q026,B07Y49KDHP-xELLCkxToS,0,
Q027,B0BFJ1MDGG-N8WzVDLvpV,2,
Q027,B06WP7NML8-Pmc940TDkR,2,
Q027,B01K7IBOU4-bKtiD8u9Ul,2,
Q027,B093P2DYHR-ZqUGnw0rH4,2,
Q027,B0B9H2L4F4-pmoACV86zs,2,
Q027,B07N1CM231-XKHexzMhTJ,0,
Q027,B09446M5T5-ggey7LPj6X,2,
Q027,B09P7VGLK2-tEJxTWFjP0,2,
Q027,B09J4BJ56N-SnRg4VW74n,2,
Q027,B0BF9M2Y3W-McZsAbJxyB,2,
Q027,B08PZDFFFX-8j8Pl3rmag,2,
Q027,B00ZWB93IM-FLWWmEtNQn,2,
Q027,B0BHJKM1Y6-VEQMQweFZP,2,
Q027,B09WKBDNLS-LRffnV3Y18,0,
Q027,B08P4S6G1X-0GvHMbdyYJ,2,
Q027,B0923LWHJS-3uEStI16dC,2,
Q028,B08Z77YKK4-9YuQkyei97,2,
Q028,B07YW512GB-tf13QpK3UV,0,
Q028,B00CE314B0-ysfRliJqHh,0,
Q028,B088DVHG1D-Z5OPa3cvua,0,
Q028,B09WXXGYJX-yNMWE8YBGQ,1,
Q028,B08LBCGNQ1-TFI84Yfm9v,1,
Q028,B0BT9Q4CPB-NKrwU6UsUQ,1,
Q028,B09YC7RN2Y-HSDsPDutyB,1,
Q028,B07RHS6JJW-lIdk5dDDbo,1,
Q028,B07KJCMCTZ-Cxv3OL9bAl,1,
Q028,B01FEBPF6I-aknNulByQw,1,
Q028,B07X5XK3ZJ-8qSfqNFaag,1,
Q028,B07Y71JBVN-p7EDVt5rix,1,
Q028,B07D2B5MM9-yKSjmBgEUc,1,
Q028,B00WHQ68CE-zOtyAptrKx,1,
Q028,B092J1BDN5-J3b09OqQKb,1,
Q028,B00PULCB8S-hXjU1qXdYJ,1,
Q028,B07YCTXC9D-HUGAq6e8qa,1,
Q028,B01CZULZWY-bDFaF3kcZw,1,
Q028,B0001RTUBM-XoZB0tjfqX,1,
Q028,B07QJ4WRMV-HB2OvIkJ6P,1,
Q028,B096RWT9BS-Tkr03NBX7r,1,
Q028,B09JW4Y19L-I1EV6BceP3,1,
Q028,B07XKTQB82-ETY5zfx32F,1,
Q028,B0BP7M152T-ZoY30WXpfe,1,
Q028,B08G4NL6Z4-gp6fZ5oBCk,1,
Q029,B073RKVNXQ-brzhjpzsxA,2,
Q029,B00SUZRBIQ-V3lv7Tbkn9,2,
Q029,B09G5ZGRPK-uNgopLHQ9Y,2,
Q029,B07D77HN63-BqnTU39yaO,2,
Q029,B084FT953R-8WyPrebRnl,2,
Q029,B09YCTMBBS-xFZQuF4boV,2,
Q029,B00V6FXITI-cH8uutksZe,2,
Q029,B082M374DJ-OhCrnmN9IT,2,
Q029,B084BYH79R-g7rIRsOq2k,2,
Q029,B01M28ALDE-XmCcMz5cat,1,
Q029,B099NYMGN8-HFmXofKOwr,2,
Q029,B08LZ2KZPN-yYFljFJSeW,2,
Q029,B08CDL6LVT-ScLPhVoocP,0,
Q029,B08L93RSVL-clENm2uBNP,1,
Q029,B07BWVCQ4T-3Nk3bVbHXi,1,
Q029,B08P7YFSW5-bGtP0NYMhF,1,
Q029,B00AXOETK0-9715vKz9sM,1,
Q029,B018A3R3ZS-kn6T9Ce177,0,
Q029,B07761HMGZ-7CwAaF7AB0,2,
Q029,B00KX305EU-xHVpcmuKyC,2,
Q029,B08NT1H8TZ-l6LC2lOByj,2,
Q029,B07BHDYGK6-HVe3bytHQm,2,
Q029,B07T9T24RQ-snYmUk9PGb,2,
Q029,B00SM5SZBG-ijhWzm4Ow4,1,
Q029,B00R5OPVNK-l5dMUJ4vP9,2,
Q030,B07LDHXT62-84Cyk7fRai,2,
Q030,B07DX9YNKS-DoRDwHSwmc,1,
Q030,B0826P4LNV-rHy9ChGzGT,2,
Q030,B07SYPYYFS-i9ZxX5j93N,2,
Q030,B07PG9ZRXF-o9t39oFOJM,2,
Q030,B07FGF82LY-dzpX92BWed,1,
Q030,B082P7P6DL-RKUK8BfhNg,1,
Q030,B01FM22AD0-IPfEn0sZpr,1,
Q030,B0BJ7TFYF4-OP7fvlG8mg,1,
Q030,B08T6VGF81-b17SdxobcW,1,
Q030,B076F6YGWQ-Fvv0ALwZPT,0,
Q030,B019YMD790-iWU1DA29D3,0,
Q030,B01MTQ79AT-M0AQNZG3Zt,0,
Q030,B08S44K872-oNNeL3PDa4,1,
Q030,B091234LD5-2BZKJ27iG8,0,
Q030,B074WCGJPH-c84RJU1XfL,0,
Q030,B079SLW6JZ-hxXdCNECGM,0,
Q030,B09QCB9T4Z-edpG0GUqMO,0,
Q030,B09WKBDNLS-LRffnV3Y18,1,
Q030,B07Q2MGG6Z-LYe16rRP6y,0,
Q031,B07YM9FNLN-BJ7dqSQ7rP,2,
Q031,B09J133N5V-Mh4D0nxbCb,2,
Q031,B08ZMPKJPM-yVwgeqB9Up,2,
Q031,B08X2YM19M-kxigzmLEpB,2,
Q031,B09WVYKZ31-KpiW2ijT9U,2,
Q031,B01N022E44-yKgY6DYPmF,2,
Q031,B086ZGCTFB-ZguhxL3rfk,2,
Q031,B0821CQ2V3-dYQXXeF9xP,2,
Q031,B00AO0DS8M-6B86vkZfCH,0,
Q031,B0BPS1Z25J-M4J5mswgaS,0,
Q031,B098WSSZPJ-rt12xPuRaP,2,
Q031,B0073FA816-bbTH8iBdbR,0,
Q031,B00IG3GZJI-2aXeUt9jp5,0,
Q031,B003OFZJGS-XWw7de6HSB,0,
Q031,B01G61W3R4-NNbUubigSS,2,
Q031,B0C4DCHBS1-nzU7KD9WEa,0,
Q031,B099W8DB2D-4F6C7xO0tw,2,
Q031,B002S53A8Y-9BNYnHf8m3,0,
Q031,B0BNZRL4BY-iIzWRtKacM,2,
Q031,B00YMQWGKA-wOnFHtMH7C,2,
Q032,B084BXCT8Q-yyaGEyhb9I,2,
Q032,B07WPB4PYV-bvhsWvBz8g,2,
Q032,B018MMAUSE-6iIVJ35plg,2,
Q032,B015761UIW-5caTw37gPI,2,
Q032,B08P1TKBXK-ky7pAd2lgE,2,
Q032,B003C7KD2S-xiL8Bnaur7,2,
Q032,B0921DBXF8-QSe55XTIFR,2,
Q032,B08XYKNN4B-g0UAmYssSL,2,
Q032,B0085YETOQ-wUXmzXaS77,2,
Q032,B07DD2P3KZ-tbjlbQo18d,2,
Q032,B012TVDYB4-XhJNOqpBom,0,
Q032,B06Y3DNBN4-3xdCl1a7vb,1,
Q032,B09MTDDVL3-YErYvSln1a,2,
Q032,B01AX1HN50-7DOpeDkoUB,0,
Q032,B078P5ZV6G-uC89bjY7CZ,0,
Q033,B09NL22BTL-P7bJOpxL9a,2,
Q033,B08XYKNN4B-g0UAmYssSL,1,
Q033,B07DD2P3KZ-tbjlbQo18d,0,
Q033,B06Y3DNBN4-3xdCl1a7vb,2,
Q033,B018MMAUSE-6iIVJ35plg,0,
Q033,B0052L7PP0-9M07IV2fzI,1,
Q033,B08FCDKP6V-QKiHxWCaKp,1,
Q033,B000F2NJB0-vE87Pzxl5j,1,
Q033,B0BS71C9KP-YHSIiqXTY5,0,
Q033,B01HGYH2BW-R5xO5Xyabq,0,
Q033,B01LXKHUKS-FA6q3L11XY,1,
Q033,B09XQMG5BN-zQWXfv1bkA,0,
Q033,B015761UIW-5caTw37gPI,0,
Q033,B0753G8G1P-LuKjlQx2Ys,1,
Q033,B01LXQFD13-orWT8io7OD,1,
Q033,B07KMQQDPP-Vptngoklx8,1,
Q033,B08P1TKBXK-ky7pAd2lgE,0,
Q033,B07WPB4PYV-bvhsWvBz8g,1,
Q034,B084MGSRV8-1bIhFE9hPQ,2,
Q034,B0BP7H466S-37iL0iCKER,1,
Q034,B099W8DB2D-4F6C7xO0tw,1,
Q034,B094JLWLCQ-zKubhGoAhe,1,
Q034,B07QWJGZM2-jjsdyK6ObO,0,
Q034,B0BNZRL4BY-iIzWRtKacM,1,
Q034,B0BFXX2V21-x4ePhjzpnz,1,
Q034,B0BY8SK3F1-fb5QvBny8U,1,
Q034,B0B9R2SH51-ypEHUIqKBN,1,
Q034,B0821CQ2V3-dYQXXeF9xP,1,
Q034,B01N7ZFSW5-e6pn6Jeeea,0,
Q034,B0035NQ8IC-Jvu5Akhhxe,0,
Q034,B00CR6F172-y6wtjVdfGm,0,
Q034,B012TVDYB4-XhJNOqpBom,0,
Q034,B072KJ7QZS-yD8sFms0EC,0,
Q034,B0BZSP15GD-C66QP1i5FE,1,
Q034,B00DOI9YHU-D109lfByrg,0,
Q034,B01NCBGB7T-w8DacBrCpJ,1,
Q034,B09MTDDVL3-YErYvSln1a,0,
Q034,B08ML45Q7Y-ujVmkwVT8g,0,
Q034,B01M1252OL-5kzMmVFor2,0,
Q034,B003E3DK6G-TCjhNthkVx,0,
Q034,B001LDKAU0-ezixMn1rR2,0,
Q034,B00M329E1O-G8s8deziuI,0,
Q034,B005ERCSGS-lHueVdrfqI,0,
Q034,B00QMA5NZE-fI9JsZq9V3,0,
Q034,B01HGYH2BW-R5xO5Xyabq,0,
Q034,B0B5V1VTX1-iqkxSiRJwD,0,
Q035,B09SPWBMXB-F8aMyQ9XA7,2,
Q035,B00AVBH3EO-b7j34d9PxR,2,
Q035,B096B4KX36-0cN92X0Fwl,1,
Q035,B00UWOUPLI-U9HustxsYP,1,
Q035,B0776W2SR8-xLR7ZX6ac1,1,
Q035,B09CTC9CQK-62UdVaDrRZ,1,
Q035,B0B2Z8CVTC-1mnRuAtn75,1,
Q035,B0BPP7YB6N-hPPKdJcBDT,1,
Q035,B084KN3TVY-rt2G53JOZr,1,
Q035,B00B8E89XW-oxqONuRt7S,1,
Q035,B005D5BPVU-B0n3JDACRK,1,
Q035,B07M9M2WND-FSju3h7PHv,1,
Q035,B0042CX11C-FOoXSkxcZK,1,
Q035,B0BPSKSFK5-MdAOci8OiZ,1,
Q035,B08J9KPJWN-wIA2N6QJ77,1,
Q035,B07S7KTDGN-oTKWaMdtj2,1,
Q035,B012OIDO0S-MzSwU8ozhE,1,
Q035,B00FGA4J0Q-J3YPDOs31a,1,
Q035,B003E3DK6G-TCjhNthkVx,1,
Q035,B07S7H9DTW-MZRQDqxYWf,1,
Q035,B086WBV6VQ-z0I4NrTLPG,1,
Q035,B008W31ZLU-50xTdgEICt,1,
Q035,B09XMMF8LF-ZEN2tiSjqf,1,
Q035,B00ZB9SL9M-luLEGAWidZ,1,
Q035,B07B4MYRBY-Nvu9KYuUqD,1,
Q036,B07CYFYVBR-Z2pQhZpsQe,2,
Q036,B0B2WLWBBY-FppsoNc2Qn,1,
Q036,B0C1SQK9HF-A2N1UdigiH,1,
Q036,B00XPWVH34-TuJl3rnqel,0,
Q036,B09GBMK9QG-JLfYOas51j,2,
Q036,B00NHGZATK-GXDqhg17B2,0,
Q036,B00VJDP5X4-FmNZfxlKZ8,1,
Q036,B08HSCS1RQ-sxtXuImnF1,0,
Q036,B07GVPWZK5-g4yni4p6RM,0,
Q036,B07J5M7T1S-f52Ibkgd87,0,
Q036,B01N9U431F-3aguyDWGQR,2,
Q036,B0842PYWP5-ly3SmgBapc,0,
Q036,B07Q7ZQTDD-WRdmFYUlLL,1,
Q036,B084GNCM1V-LI3YPU2dah,0,
Q036,B094XKK7LM-MOQzJnnk7U,0,
Q036,B09DFYKT71-jBLJWtPfrl,0,
Q036,B00YE966A6-axT82ExHgD,0,
Q036,B00PHZI816-Vz3sTpUPxM,0,
Q036,B07M7354XV-v3r4mlD3GD,0,
Q036,B00PWOROJ4-fOhZViq9Lo,0,
Q036,B0BWCL9WCH-nvWXFypJ9k,0,
Q036,B07CZ3TJXH-HyRmfL2zqS,0,
Q036,B08JQH8TYY-hjWZxDFVML,1,
Q036,B09RGS4X2B-farpy2yrnj,0,
Q036,B0BM9KVBQX-JqKOmGnKVQ,0,
Q036,B095YDK1MR-XY3CsYCnbg,0,
Q037,B08LNG26C3-95x2CIeZho,0,
Q037,B085TQDHBM-XF2WYWsvLy,0,
Q037,B0791KSFWG-I7pjCeXK4S,0,
Q037,B07BJ3RVQR-5pSe8DBDoO,0,
Q037,B082VKKLFF-00TMiTKe20,0,
Q037,B08QJQBLRZ-oB4e9yFpY5,0,
Q037,B07BTBQMGN-tRmdqzpR1r,0,
Q037,B09W9BN5CP-17CFSEOTRh,0,
Q037,B018VDTTV8-M2g5Li2WSJ,0,
Q037,B00HQHUTUG-PmIBvM9vlD,0,
Q037,B09JFZ12XJ-nbpxXhEXkf,0,
Q037,B086H7T67B-aIdP2Affhh,0,
Q037,B0062TOCIE-kco7xccXli,0,
Q037,B093BSGNZ9-VGVmKgnPDw,0,
Q037,B0B185XJC8-QVy5Xd0k4Y,0,
Q037,B083JVBT65-zPazh5yu5y,0,
Q037,B07RYDD8Z6-lAwhPOhYoO,0,
Q037,B0BDL5Q9VN-CNntehRm7W,0,
Q038,B07YMQ8XK3-cgm3EkyijC,2,
Q038,B013HW70GY-fA6fqK4Rhn,2,
Q038,B083SLX4DN-oogWPu7WRa,1,
Q038,B07SLV2W5L-UQLZKidz9g,1,
Q038,B01LY3Z8WA-aEWSGox0Gf,1,
Q038,B09STXMS35-q5XqoZ94jI,1,
Q038,B0BPRXVDL1-Uxyr9dFCBO,0,
Q038,B092Q5CQSS-LhnQ14fYZj,1,
Q038,B0B5G5D8ZL-LGnZipFmsT,0,
Q038,B082KNVC62-9LdqOpXQOe,0,
Q038,B08426H18L-x68ATGMdbE,1,
Q038,B00KD779RW-qWwwvndciz,1,
Q038,B079J56JRR-8hoY7QNgfr,1,
Q038,B08F57R934-fExdCyKC3I,0,
Q038,B00E9RB1S0-ke1GvUwHem,0,
Q038,B07BK2YC33-1nRMuGFhaG,1,
Q038,B07KS261YR-ZXZt7x4rQt,0,
Q039,B015761UIW-5caTw37gPI,1,
Q039,B018MMAUSE-6iIVJ35plg,1,
Q039,B08XYKNN4B-g0UAmYssSL,1,
Q039,B08HYHXY6X-XAFDo8DB1r,1,
Q039,B084BXCT8Q-yyaGEyhb9I,1,
Q039,B084JLBN7C-8Orb0upH4P,0,
Q039,B07HFGZCJJ-AnNZqBRVBn,0,
Q039,B09MTDDVL3-YErYvSln1a,1,
Q039,B07WPB4PYV-bvhsWvBz8g,1,
Q039,B0052L7PP0-9M07IV2fzI,1,
Q039,B08P1TKBXK-ky7pAd2lgE,1,
Q039,B01AX1HN50-7DOpeDkoUB,0,
Q039,B003C7KD2S-xiL8Bnaur7,1,
Q039,B07DD2P3KZ-tbjlbQo18d,1,
Q039,B0B4PK94PV-QfUP0Qnlb3,0,
Q039,B09PPTW2VR-lVoU3aoNOi,0,
Q039,B08X6HWGG6-DhgFNOIQ3R,0,
Q039,B0BJXH8D7D-EKTntNgtF5,0,
Q039,B0759V6MQH-fXytZ6kUY9,0,
Q040,B084MGSRV8-1bIhFE9hPQ,2,
Q040,B08L9FWBMK-RW5ajNGSsk,0,
Q040,B07NLR4GXS-xUaJG84UKl,0,
Q040,B003OF93O2-zyiBizKd0e,0,
Q040,B0B69RLHTZ-JCkHJwAVuu,0,
Q040,B01KU2375M-Ckc59Ou86t,0,
Q040,B07YHFPFG6-iOugO55Gsq,0,
Q040,B06X1DSYPL-8MF5GxQzhy,0,
Q040,B005C2C8X8-9pI1eKGS0A,0,
Q040,B003U7NUUC-NNstWLsGum,0,
Q040,B01N7ZFSW5-e6pn6Jeeea,0,
Q040,B0035NQ8IC-Jvu5Akhhxe,0,
Q040,B06Y3DNBN4-3xdCl1a7vb,1,
Q040,B01NCBGB7T-w8DacBrCpJ,1,
Q040,B00DOI9YHU-D109lfByrg,0,
Q040,B09MTDDVL3-YErYvSln1a,0,
Q040,B012TVDYB4-XhJNOqpBom,0,
Q040,B0B6QVDF6Q-RXBGZwNAAc,0,
Q040,B00801YVNI-1As1ctDXJy,0,
Q040,B09N3Y1SWL-Cb9ucADie2,0,
Q040,B09SLXSMG3-RTVhxa0Bfi,1,
Q040,B0052L7PP0-9M07IV2fzI,0,
Q040,B07XNQVNMD-pWrwxFLsoT,0,
Q040,B01J7SC39G-uMytqbuKEI,0,
Q040,B0C2YYRJ8Y-Qat1yirhhD,0,
Q040,B0B5MM45LX-8gJB1cvPEP,0,
Q040,B092MFMM83-g4DJHj844g,0,
Q040,B079C687PS-kk9tI2RWnU,0,
Q040,B08JQH8TYY-hjWZxDFVML,0,
Q040,B00OFOSAQI-JMYqD0yMPC,0,
Q040,B00T25AHPW-n3VjbTkBXa,0,
Q041,B07BTCGCSF-9hYZtrfLw5,2,
Q041,B08CRNRJ6T-9qmy5GNeSk,2,
Q041,B016YS1EG0-jsdNf8HYjb,1,
Q041,B0BS4CNBDQ-2sOFONszwX,0,
Q041,B0189GTNDQ-nvE6fvfS4O,0,
Q041,B092PRFLMV-lF1SA0l247,1,
Q041,B06WWPF4SX-nlUHOnTfaL,0,
Q041,B07H7BV4BZ-FjNR9nnv1L,0,
Q041,B08WHWRGXR-MR4Jugxpb0,0,
Q041,B09FFS291Y-SNtElxqRvX,0,
Q041,B07QL871YF-gMvDqdfepJ,1,
Q041,B00NU4MMDQ-UBj2PwaOHc,2,
Q041,B07Z8MF2SJ-iXmQlkgaDb,2,
Q041,B09KS5YGSG-SzatyDtOB6,0,
Q041,B01IMYJ0AG-qZC6nXSjUm,0,
Q041,B00VRV1LSG-izppruaCp1,0,
Q041,B08DDBFMTB-TBSA1vMt1b,0,
Q041,B0B2QPJ6WC-1WPqkEVX7I,0,
Q041,B07KPSGXNB-x1bbh5rJ9e,1,
Q041,B07W6L8K8Q-ybfwvyal4O,0,
Q042,B0871HPPK7-AXPqyrWSHU,2,
Q042,B088WKMWYL-BXKYmT4Fxn,2,
Q042,B0832J9TDK-kiRYYz8dnF,0,
Q042,B08DNKG75W-cNXmQGWaXk,2,
Q042,B08YYB1Z4B-lzw50FQ4pm,1,
Q042,B07PYWK9XJ-836WPIXtT7,2,
Q042,B074ZH5R45-NKdWqIGJdT,1,
Q042,B004KPSBDE-gKgNQk0Kgn,0,
Q042,B01AIXS3KC-QVcrz2feX8,0,
Q042,B085RH3GV9-QkdrFQu79Q,1,
Q042,B00H25TZCA-47XAxYSzBc,0,
Q042,B083NK3CRG-bgDPHLfzhK,0,
Q042,B06XHW1NTG-mmlrfVMqqA,2,
Q042,B07SC82GH1-svRi8KqTE4,2,
Q042,B077ZC8JDN-F0Kc6MWiZM,0,
Q042,B01730HVR4-lw30d81DQn,0,
Q042,B07CDCSH3M-sG8UUHRWBc,0,
Q043,B01N3BRB0S-sERT5Cft0J,1,
Q043,B07HJYC1V4-lIzyQ705Kg,2,
Q043,B09LHF1576-9dcYMM3BvH,2,
Q043,B091Q3G565-YR2yvVDC87,1,
Q043,B0BGKQVYJY-86k14wGeIp,0,
Q043,B0BXKBH1F3-7zBTuGYeHg,1,
Q043,B07SKL252W-w5v5CXb6o2,1,
Q043,B07ZJVBWHP-r0Pv47KVTB,1,
Q043,B08HXCZFBG-oiV3gLhgRq,0,
Q043,B08ZKZRDTT-l1NHqoWBjE,2,
Q043,B09CQGV36R-nsOLG3aPut,1,
Q043,B08PPBDTK7-7GrCyxHBO1,0,
Q043,B0842PYWP5-ly3SmgBapc,0,
Q043,B09B1G4RYF-fULC9QIxc9,1,
Q043,B003AWN1RY-pd0pA8Qfhy,1,
Q043,B0B4H5TZD6-Ar9Ky6Au0Q,0,
Q043,B07SHFKCR7-PBY5YSx1Dy,0,
Q043,B01N0L2GCU-gy6ShAUgec,0,
Q043,B08B8F3Y87-Ykt9CFfOtf,0,
Q043,B07HT4XFY6-gFvnlyuwNB,1,
Q043,B00RVXMAES-mC4DaXQHul,0,
Q043,B07VQNF6BQ-0FLDPUH6VA,0,
Q044,B08H9SMFHG-pwkhMnQlVJ,2,
Q044,B07PLQG772-mtsB0LXVmE,1,
Q044,B08GC4GBWB-klsaH7PfKi,1,
Q044,B06ZZ57LKJ-yQwNgBzr8k,0,
Q044,B094ZDJCX6-B6DNcNVNnL,0,
Q044,B07CHSQSWJ-JgXc37Ne87,0,
Q044,B004GC0I32-6zuc7Iex21,0,
Q044,B07BK2YC33-1nRMuGFhaG,0,
Q044,B0861HKG3B-iPbESV1Jcc,0,
Q044,B08TMPSJTG-9NsjOKrFXS,0,
Q044,B014TJ0OMG-mGEzSvUapn,0,
Q044,B07CQR689B-TkoLcj7SAn,0,
Q044,B09D6WTRP2-eonnxzJPrP,0,
Q044,B08P4RV2YG-hkgMbPBdf3,0,
Q044,B008MOA8OE-KuzABEfou7,0,
Q044,B07SLV2W5L-UQLZKidz9g,0,
Q044,B07PZ9T867-DZUgv9oj7W,0,
Q044,B078HH2FKS-N55yOIsE58,0,
Q044,B0B5G5D8ZL-LGnZipFmsT,0,
Q045,B08WSCJDL6-OkgBpVcmVK,2,
Q045,B08Z7Z4TDQ-LfS81cEjp4,1,
Q045,B09HXTGF57-rizppYUgDY,1,
Q045,B07H7BV4BZ-FjNR9nnv1L,1,
Q045,B06WWPF4SX-nlUHOnTfaL,0,
Q045,B0741Q6ZSK-YPDTvVCUqZ,1,
Q045,B01DR1G4W6-25HlQNCEMY,0,
Q045,B01IMYJ0AG-qZC6nXSjUm,0,
Q045,B01IS9AFPE-iyxksGCPEL,0,
Q045,B0972FLTL5-xZrjb2Txj9,1,
Q045,B08NVFR5WS-e3su4ecv69,0,
Q045,B0987J9TGH-OUU52R9PRe,0,
Q045,B0BB6B66YD-2wHKB6FMBu,0,
Q045,B08R63W9Q4-AvEaJ2g3Hz,0,
Q045,B01N0L2GCU-gy6ShAUgec,0,
Q045,B0C2YRHBZZ-ebRlytTww4,0,
Q045,B08PQT7QV3-2DTMoBbEru,0,
Q046,B07QL871YF-gMvDqdfepJ,1,
Q046,B08CRNRJ6T-9qmy5GNeSk,0,
Q046,B08C5DJ4TG-V0FBG4L7wD,1,
Q046,B0BTBQF8HF-K82nT5GIJ2,0,
Q046,B084Z3RSXN-fe97MG2WZ5,1,
Q046,B092PRFLMV-lF1SA0l247,2,
Q046,B0C3GKVX3M-uN3D82nBSC,0,
Q046,B07P6NS6V6-mD24MPS1r0,0,
Q046,B07Z8MF2SJ-iXmQlkgaDb,1,
Q046,B07BX3TPPJ-Kg3VBYoy4m,1,
Q046,B09KS5YGSG-SzatyDtOB6,0,
Q046,B07W6L8K8Q-ybfwvyal4O,0,
Q046,B007NDGLHS-AxyrwKuYHS,0,
Q046,B00NU4MMDQ-UBj2PwaOHc,0,
Q046,B01N9QWM3E-eV5RkrA6D0,0,
Q046,B08L9FWBMK-RW5ajNGSsk,0,
Q046,B0BCR2HMK6-h2UUvRd9Pf,0,
Q047,B0871HPPK7-AXPqyrWSHU,2,
Q047,B01AIXS3KC-QVcrz2feX8,0,
Q047,B0832J9TDK-kiRYYz8dnF,2,
Q047,B07GNH6ZVD-Zi30uOJ7xo,2,
Q047,B085RH3GV9-QkdrFQu79Q,1,
Q047,B06XHW1NTG-mmlrfVMqqA,1,
Q047,B08DNKG75W-cNXmQGWaXk,2,
Q047,B08YYB1Z4B-lzw50FQ4pm,1,
Q047,B07CSJB96J-Zwsk0yx0nA,2,
Q047,B088WKMWYL-BXKYmT4Fxn,1,
Q047,B08HY6WZDY-pwnwQuVjIP,1,
Q047,B07PYWK9XJ-836WPIXtT7,1,
Q047,B08DXG5RD2-uAzaw08f29,1,
Q047,B09GLMT3RG-h0d5mWbFIT,1,
Q047,B074ZH5R45-NKdWqIGJdT,0,
Q047,B07HX1T2G7-vSAFHowewk,1,
Q047,B0BM54836L-lIaCDjsoaJ,1,
Q048,B00BE6B69S-CybjYqCTmC,2,
Q048,B01FMATB9S-HRDxikq2Ce,0,
Q048,B001PZ7ASY-xszDe56Es6,0,
Q048,B00OI05VGQ-zZ8MqXkZCJ,0,
Q048,B09PF973D8-tXIAmqcFuz,1,
Q048,B07RSM5PRD-VRaDGhJmWY,1,
Q048,B01MXKQ6QO-i3daIqDc0f,1,
Q048,B01N0W5XRC-AhaWzYgIBp,1,
Q048,B09BJNC13V-2Dew11w4rZ,1,
Q048,B0125VVUHS-hBmn2wnbTx,1,
Q048,B0BZM3PWZ9-xIbMQylh4e,1,
Q048,B08R8LJBW4-ZzaFP80yy1,1,
Q048,B00XLX14OY-ZO7pkGozHH,1,
Q048,B00EOCQ4PU-MKzpYEUIsN,0,
Q048,B078JR6GFP-3ZobputwbZ,1,
Q048,B07N5KYBP3-Kr8sT0rSKK,1,
Q048,B07DKT1J7G-6EhxIJI1PI,1,
Q048,B07DBC6YTG-aPSuOYz1rJ,0,
Q048,B07N8XX3CX-u0fe08XBIX,0,
Q048,B08Z1L9WHH-aUJOqSe3nd,0,
Q048,B074F1R7HS-TGoQy3hk1d,1,
Q049,B00897FO34-NpYWdAwveE,2,
Q049,B0BJVVMBCQ-bpc8CxLc2C,0,
Q049,B01ANZBXPM-OcE6oQcbHz,0,
Q049,B07V462CR1-uAXR5EERIR,1,
Q049,B084HK2XQ2-cT8LT5yDsd,0,
Q049,B014RIYII0-Oxp5kwTbqC,0,
Q049,B07CQTQDB1-iwwj6J0uuo,1,
Q049,B0BWRNTDM1-qsX1jSUIP3,1,
Q049,B083BD1MHM-ZoAtgcBPcA,2,
Q049,B09Z6LCXRY-8c2iP8S9FV,2,
Q049,B00M1SIG3M-TDpOkWDpjG,1,
Q049,B0096BXNQM-Tmbme4gpCS,2,
Q049,B00LGWQPYQ-lagbxxbtX5,1,
Q049,B01BHIDR6C-hzm8fuGaVr,1,
Q049,B075K1P1GF-YXLnRRd81D,1,
Q049,B00CFANC2G-4g7toVZYYO,0,
Q049,B001C3AHWU-UqG6b2QyIQ,0,
Q049,B073WQZN7R-2ow3qpzE6S,1,
Q049,B01KBWS0WG-rB165DlkSg,2,
Q049,B00C1ZPYD0-Bln8xJAPzv,0,
Q050,B008ARIFAC-pb3OGRzRn6,2,
Q050,B00P0QQRPG-7H1COlPMxy,0,
Q050,B003JE773W-ByqqhS86en,1,
Q050,B08F3Y1S5B-hG8Gbt1pmC,0,
Q050,B01GNFJ2GI-EGIQrvoe85,0,
Q050,B088W21HZY-qpzXWtTVOx,0,
Q050,B00RUEHA1G-nHqAs0NTsC,0,
Q050,B073WTJ9TD-cDElhEQ50E,0,
Q050,B08HSCS1RQ-sxtXuImnF1,0,
Q050,B091264V9V-IinbrDyMN0,0,
Q050,B08NSS5HM9-HJcKLwKVee,2,
Q050,B0862V2B5N-2urDu7Giu5,0,
Q050,B007V6AHX6-4Jh51pmuXH,0,
Q050,B01GITLM7Q-RQxvNeUpzx,1,
Q050,B08K2TRZRY-bRsdiTXOvH,0,
Q050,B00X8CFLNS-HNdc06PVz0,0,
Q050,B003JN4YJS-kMEU5m0lQu,0,
Q050,B08KSBF8NL-amg0UwQFCy,0,
Q050,B0BK7NSHX9-jnrwSQ3Rw4,0,
Q050,B01N0L2GCU-gy6ShAUgec,0,
Q050,B0B69RLHTZ-JCkHJwAVuu,0,
Q050,B0093B0JYO-v4XQgzrApG,0,
Q050,B01EBMVMO0-OsDYkyjF4M,1,
Q050,B08JGGM2JF-acMPq3sv8f,2,
Q050,B01BW6B3VA-PgxlBA12cP,0,
Q050,B01APT3PN4-AQDfnAYnap,0,
Q050,B0BYD549F1-vz90dGsBys,1,
Q050,B08G8MQQYC-UepzAOgp14,1,
Q051,B08R1P94HM-8dX02y5z5m,0,
Q051,B09J8L73KM-vS9mlxaTc3,1,
Q051,B09W5N1R1B-mt9Y4A9p6F,0,
Q051,B081RLTH7J-JlC8vtBxKJ,2,
Q051,B07TH85MWK-camgmUPiW8,0,
Q051,B014SG7W20-ZREP5GmB29,1,
Q051,B0B363X66J-Z0u6ObjFJv,0,
Q051,B094JLWLCQ-zKubhGoAhe,0,
Q051,B09NL22BTL-P7bJOpxL9a,0,
Q051,B08Y8BQQ8D-xA6JPb6SA6,0,
Q051,B001BN7XSM-hYSoiNzlOK,0,
Q051,B006IW6AQC-a8x1gY1lJ1,0,
Q051,B08DM8YHT3-jID8Q48PjB,0,
Q051,B09MQZ6PPK-dcZ7TNqypg,1,
Q051,B00FD2MC2E-yB72CRtLSQ,0,
Q051,B01DM4ROS6-szIdrim2GN,0,
Q051,B08FYZ9VJY-48JkxisEdA,0,
Q051,B00BO2KE1I-7kBNYz1fA3,0,
Q051,B07NWTB6P1-4zo8fn2Zdg,0,
Q051,B09QCB9T4Z-edpG0GUqMO,0,
Q051,B00J5A9BF6-7DR1eMddXA,0,
Q051,B0B9158JDV-XTsRzZCfGL,2,
Q051,B003UE0IEQ-m2HYtR7Kxd,0,
Q052,B0BMW2CPCN-P0EzPtCjGg,2,
Q052,B077SRPNNZ-a5sOOT6fM2,2,
Q052,B092M5RTJQ-jYgfAKlwQn,2,
Q052,B07FCKWGLM-HiKHNZxjW6,2,
Q052,B07MP9SK23-QwWM7lZJVp,2,
Q052,B0B5DRSS4M-YORDk6DFyg,2,
Q052,B071J6WLFN-GEr3u7E6gN,2,
Q052,B09CD8ST7T-khJfNFu5XJ,2,
Q052,B09LLZZ6C6-cdIFWh4Ofu,2,
Q052,B01HOIYIB2-ZYbB3jMFst,1,
Q052,B07RGW4RX5-E5crx6fZVB,1,
Q052,B079M3G76T-UzsrTzrbCI,1,
Q052,B0892B3VWM-lNZU9NyRvz,2,
Q052,B096539FVN-3ZxLkIN4QR,2,
Q052,B07WNM4YP7-CWQkPxsoL9,0,
Q052,B00K6M2BV8-O2guNQVB4w,1,
Q053,B07RYN86RV-5QHXw3HNfV,1,
Q053,B08FFPSKQJ-ygxBN9910T,2,
Q053,B08F4WVHP4-kLCaw9Ph55,0,
Q053,B08PQC8LQ2-nipuaUkxRF,2,
Q053,B07NVX3G9R-QInIZOvKBg,0,
Q053,B07DKT1J7G-6EhxIJI1PI,0,
Q053,B08CND16SJ-t0Tize9sdP,0,
Q053,B07HRKJTNL-MrpQKgtVei,0,
Q053,B07H78GH8D-ejTrqgXKVu,2,
Q053,B08ZRTW3HT-B0IKfTJQIM,0,
Q053,B01N6J0NGK-b0plEOyRui,2,
Q053,B09H7DFM7X-NT2nYr6Jqp,2,
Q053,B01M1UO6EQ-f6aXodetGD,2,
Q053,B01IT7527Q-jdg3vSFkpB,2,
Q053,B01MCXNGP8-BnD3XkfFNu,0,
Q053,B00ZB090B4-OYLAj9AbLe,2,
Q053,B08HXCZFBG-oiV3gLhgRq,0,
Q053,B07LD3M88C-yuj9Bvt9ux,2,
Q053,B07TJZLW1N-siHJMjLWGH,2,
Q053,B07CMWX44V-aIaGr8bYPX,0,
Q053,B00A0BDAHY-F6s1prItB8,0,
Q053,B00A9YXNTW-PAC5a1iDLU,1,
Q053,B0926V2N5J-8kUxWyqljn,2,
Q053,B083B75P8V-LufZonaZ8r,2,
Q053,B08L2FSJMW-Ett3HfOGyy,0,
Q053,B07J58B87Q-1qgyY25wQU,0,
Q053,B010EG2JOE-udX2082mfD,2,
Q054,B07HRKJTNL-MrpQKgtVei,2,
Q054,B00B1N780U-aJ2FhivuZp,0,
Q054,B0B45M1SH1-950AzNMugI,2,
Q054,B09MTJQL6G-BI1Q3gw1xK,2,
Q054,B081QGT24W-Qtvbbq7TeG,2,
Q054,B09PK5Y6RX-Opim9ZDQdl,2,
Q054,B007BO7MVS-ugXH7QjyHJ,2,
Q054,B01N4TCTYQ-JLnGgJO2Ms,2,
Q054,B07X8761BH-yAIxwPLtxR,2,
Q054,B08BNL9SDJ-gACjYpz4Un,2,
Q054,B00Q3QMO86-w1obNUjdMB,2,
Q054,B009LPUYX8-0hmWiMdk1Q,2,
Q054,B00IS5UBYY-z6Lh4IOHDa,2,
Q054,B08LBCGNQ1-TFI84Yfm9v,2,
Q054,B07RYB74YQ-L3Zw68oo45,2,
Q054,B00KX305EU-xHVpcmuKyC,2,
Q054,B007XW92YI-cwnY3Mh5lq,2,
Q054,B009W6A2CO-XMSgrGGYvU,2,
Q054,B015H9XEY2-lqwC4lOtJw,2,
Q054,B09MQLG1QN-3FARgVFsRo,2,
Q054,B008N1DE10-zpTmua0bOX,2,
Q054,B07XWZKH1Q-Y0DCLSQoh7,2,
Q054,B013I7090C-Q5v7vEQrx6,2,
Q054,B00LFOMN64-vmVxdRzQM5,2,
Q054,B08HVNDZKR-JYoXGr8SPi,2,
Q054,B09SPPPB7Q-zSzSixqybY,2,
Q054,B003BQGQLC-DxQRDclNLy,2,
Q054,B00J98Z27K-113zElhEDk,2,
Q054,B07BGDCXH9-6NJ22f2NdC,2,
Q055,B09PPTW2VR-lVoU3aoNOi,2,
Q055,B007PBKOXK-l7KpY99lyL,1,
Q055,B0B4PK94PV-QfUP0Qnlb3,2,
Q055,B09RTM1TG2-UDASf7xTyc,2,
Q055,B09LT2CSPS-IIOQ8TQuWY,2,
Q055,B0BPS1Z25J-M4J5mswgaS,2,
Q055,B08GS98NVP-xug3aEM0Qh,2,
Q055,B07C4PD613-kiMUUXz66f,2,
Q055,B08L62D1YX-4VVS9iIYMj,2,
Q055,B0BJXH8D7D-EKTntNgtF5,2,
Q055,B0B2QWKMTC-0VCFOYTHC7,2,
Q055,B008KS6VW0-g7a0H5Dghr,2,
Q055,B0B71K8P52-acK0gId6Y2,2,
Q055,B09X1B56ST-wcl9DjkNq3,2,
Q055,B08PF7KP1H-paqM0ZCgRw,2,
Q055,B07CTLM4ZK-JpPdHJDR3v,2,
Q055,B08JQ2CFZ5-ught45OgPT,2,
Q055,B00006ICTH-CpN4WBvxqU,2,
Q055,B08Y7YV1NH-bv5Nndiwwu,2,
Q055,B08VWKGFQ6-SZvhR5oGEk,0,
Q055,B0BGBQMQ17-DoFCE00qFv,0,
Q055,B09CY8V513-4hNrqi7qx6,0,
Q055,B003TLNHOS-h9LJ8TReDu,2,
Q055,B00147XHVC-FNjhgdf7F5,2,
Q055,B07YYYPKYJ-1B1asxqquf,0,
Q055,B003TLNHKW-tNkMF2bS8Q,2,
Q055,B07PSNWDKF-RJrkbElZD9,1,
Q055,B098JP4VSF-5y1drvHc89,2,
Q055,B0721H5ZKZ-JpJjzTtgGR,1,
Q056,B09CFTM3Z3-kKwWHXKdgi,2,
Q056,B08SW35458-cVOyxbVi3Q,2,
Q056,B07NQ2MG6Y-KyITLwnjzy,1,
Q056,B08TZZVYQ6-MsEHS8sxgP,2,
Q056,B0BPVLM5K7-EQP6D7CNN6,2,
Q056,B00Z4PPMKO-bLhbwwbuVZ,2,
Q056,B08NFK7TFJ-nuzW392fjn,2,
Q056,B01GK2ZYVQ-7jzkMVm0PE,1,
Q056,B087TKYKDB-UbdQB5J5RK,1,
Q056,B0189GTNDQ-nvE6fvfS4O,2,
Q056,B09Y87YY3M-lXswBrovBn,1,
Q056,B083PWXXPH-pTJpWFy0eO,1,
Q056,B07XC25HRH-CWZNg71PM1,1,
Q056,B073ZG474B-Luuckex8u2,2,
Q056,B07JFZ2532-anAloLiUkx,2,
Q056,B08L4K53HW-PSPWyI7Bdp,0,
Q056,B071DX6QV3-GdL4ABRFkI,2,
Q056,B0029VOR0M-YM9rF8MGBj,0,
Q056,B07SCYQ4D4-6wlv0gKytE,2,
Q056,B09NJK77NS-9zDr7ct7FN,1,
Q056,B089F53G25-ZcIa2dXS2z,2,
Q056,B01N0L2GCU-gy6ShAUgec,2,
Q056,B01BWL90V0-vhZsLiCRX0,1,
Q056,B07CMH93Z9-wPja90bPcw,1,
Q056,B01MXJCVI7-JQZ4lAF1MO,0,
Q057,B07ZV8ND4Y-mUxQsF8JEN,2,
Q057,B00M25EHBY-UiN5roVZ9g,2,
Q057,B00MOCPFXE-IkUJjYl73e,2,
Q057,B07QS564MT-RlvF43si4R,0,
Q057,B00308WRS2-ljLwf9P5J3,2,
Q057,B00MOCL222-UgtnPdbbe3,2,
Q057,B01HJRLHAI-dbx2WL17xl,2,
Q057,B00NQ6HH2O-UUgKLn4Ff0,2,
Q057,B00EKZGHSK-FdVAcSLD8K,2,
Q057,B07W7D4GS4-BqNxxnxYr5,2,
Q057,B00OTOO8R4-z3wtzLhe9H,0,
Q057,B002ZHU0BK-BoN7dMCEJi,2,
Q057,B088GR9TTN-seSjWHfepI,2,
Q057,B0B4ZPVK3T-UVWef1PFg3,2,
Q057,B09LD7B4YN-UJH1qbQFQM,2,
Q057,B07SNGSJS2-PwedEbj0aj,2,
Q057,B00GS46RCW-opNv2tRh4n,2,
Q057,B07HL15XK9-vtqSiKgo0G,2,
Q057,B00PU08SPO-x8NCsQ8rLm,2,
Q057,B08FMNJBC5-BQNfEfAvBd,2,
Q057,B07V5GNTFY-BxdFCeWLf8,0,
Q057,B078SPZYZ7-EIgW0grDj0,2,
Q057,B003WKPYLA-UYSz7ZpEn7,0,
Q057,B07TXRQQKZ-nryVfwEH5q,2,
Q057,B00NHC7O1G-UnCbVil0zm,0,
Q058,B08WHBSK6R-dFrYTtLPts,2,
Q058,B01MZ4IMKE-50DF5kJThy,2,
Q058,B071F78NNF-C9qXmVHtyv,2,
Q058,B09FFS291Y-SNtElxqRvX,1,
Q058,B0182Y1IUG-MsFmP6wdnC,2,
Q058,B08N6Y564F-ViAOJ5c4xc,0,
Q058,B07G9QDLHR-2jJ5ciOD4c,2,
Q058,B0754TT12Q-mtzRhFqxdE,2,
Q058,B07FQG965K-Y9AiexTgt2,2,
Q058,B00MZ3IOT4-BU7nozVBZf,2,
Q058,B01KB8R3NW-Q0K8KEpgYJ,2,
Q058,B072N2JF9V-oRaFxMPMDE,2,
Q058,B08WF29DM9-SkhWq2VbYq,1,
Q058,B016MNB4HQ-7iP4XTx6II,2,
Q058,B01EWUD3Y8-mHnEJK1g2W,2,
Q058,B08L5MZD4R-BsURjsxNbn,1,
Q058,B07C1M5KRZ-pCPZygFP0x,1,
Q058,B074D39JGY-U5DKXP6ega,2,
Q058,B01B26W9YA-asN3Mc47DS,0,
Q058,B0007CHJGY-Xv00kKXR4b,0,
Q058,B07BQZRMWL-jGyJmQtJ4s,0,
Q059,B0BVBPHLSG-tqbovJiXpU,2,
Q059,B092ZLM8PM-Bq9URJdhg3,2,
Q059,B09PRNHW1G-xhN1uNzero,2,
Q059,B0C52NCH3V-VeR1I2vHPG,2,
Q059,B099NYMGN8-HFmXofKOwr,2,
Q059,B08RBNCP9N-6YpaIsiVYU,2,
Q059,B0BWRKVXHP-cWQza7yFWZ,2,
Q059,B09J41V1TL-lxmOPKvfn3,2,
Q059,B08CZF8SXL-1tx22iqVPt,1,
Q059,B09L3WW7F3-kZQlCO1Jm6,2,
Q059,B08N61J76R-2vFPBvwi7q,2,
Q059,B08CP8XNG7-lWXgLO2IBp,2,
Q059,B08LP9NMFR-PijXtSAo67,1,
Q059,B07YTYFBCT-Jf1Me8jWHd,2,
Q059,B0BB7DPXFS-GqmYmpAd9G,1,
Q059,B07TYMMCMQ-Lu8L5YAJMF,1,
Q059,B0B4K7D5KB-3P84csNn8i,1,
Q059,B088WT6KHY-N8vQ1oWVfh,1,
Q059,B0B8ZBCCY6-NBAuJPkYng,2,
Q059,B003A2XDIQ-u5EZBeCayz,1,
Q059,B008U0RW7G-qjQ0N7HE96,1,
Q059,B0C669L2BZ-4CLdS8XZEm,1,
Q059,B003N40HWQ-p9lkjNp3qQ,1,
Q060,B08JVLPPNM-qYt9E2DBVX,0,
Q060,B094JLWLCQ-zKubhGoAhe,2,
Q060,B072FGZTZK-1WfhT2ftHy,0,
Q060,B0BPS1Z25J-M4J5mswgaS,0,
Q060,B06XVQFV4P-hkFbWHc2ok,1,
Q060,B0922ST63F-oElX9juKMK,1,
Q060,B0838WS9SF-rIn9rYFOgt,1,
Q060,B08PQK4WF5-cd4iTVStRN,0,
Q060,B00KAZEZPG-GbuqUPk8aW,1,
Q060,B014FT655U-e9S0dNRjQ8,1,
Q060,B00F63EYUI-Sh4xK6r33z,2,
Q060,B0B6QQY7ZT-GouhqLf4Io,2,
Q060,B01NCBGB7T-w8DacBrCpJ,2,
Q060,B07GFVW9RZ-VlhphRQEdS,2,
Q060,B092MFMM83-g4DJHj844g,1,
Q060,B0BTJYXSNY-if36Esr3HO,2,
Q060,B09F7PSYLV-EIBKr7E3gf,1,
Q060,B002P69Z5S-hxNoR8bf1P,2,
Q060,B07LG12GSB-vYuN65zPhk,2,
Q060,B09ZDGNYLT-qeWj2XDdji,1,
Q060,B00JC32VAS-2iGblsaKEf,2,
Q060,B09N3Y1SWL-Cb9ucADie2,1,
Q060,B07999R1W2-qwNB9SJsHJ,0,
Q060,B0035NQ8IC-Jvu5Akhhxe,2,
Q060,B0BN7LT6LY-knsmhV2ocd,0,
Q060,B08H53KZFP-Q0PGuepxpy,0,
Q060,B0822CB9B6-Hu7NH1dvhK,0,
Q060,B09VH8TJ7H-4pnflnzZQO,1,
Q060,B0178LNL18-eNOQATEtIk,0,
Q061,B07MBKP86B-Jz0KM38UR8,1,
Q061,B00067ZIPO-3KgQTb81Oi,2,
Q061,B086HRN773-8H6h8l7qgA,1,
Q061,B06XJ6199D-yCFzI13alY,2,
Q061,B01N0OO5OJ-08YMNb5Zql,1,
Q061,B08SQPZSRS-3hT6jBPVah,0,
Q061,B094V4NXGZ-kK6BWaXB9z,1,
Q061,B07QTZHJJT-o14TGznNMh,0,
Q061,B07FMKWTTB-7dQzHMk5wi,0,
Q061,B09WZPXQF8-rVgpEMigde,0,
Q061,B01N4KWW5D-svlG3EL956,1,
Q061,B07NNXQXJX-KyUoAik8Bp,0,
Q061,B01BGSYRD0-u8zF9OHzlw,1,
Q061,B07NZ8PWWD-DtAl6lLunN,0,
Q061,B086H4C8QB-gnSl27OQqN,1,
Q061,B019H3S566-5LvKMpwLT3,0,
Q061,B07DSZH5NG-1OrOwhfEPF,0,
Q061,B07VDMZ1PW-i2Vw0NJZla,0,
Q061,B07QGKK12K-F50yggbjFV,0,
Q061,B004ZWH3XG-aVNqTIAae2,0,
Q061,B00ONFM5D8-ziqL8tnbud,0,
Q061,B01LFUCWKO-30pNIhsHFk,1,
Q061,B07XFMSC6M-3lGsczpaOx,1,
Q062,B07YM54GLC-K3Xr7tdfFk,1,
Q062,B07FVZVQKV-td26fEeVVh,1,
Q062,B095PB68Y1-DCc8uRGZZq,0,
Q062,B088QFFCJ8-UixxkbQY5K,0,
Q062,B07JB8KQF6-oEQ7OxQXOW,0,
Q062,B00V7Z35Z4-3h6lbWpR3B,0,
Q062,B07H78GH8D-ejTrqgXKVu,0,
Q062,B082L3D8Z5-gFYnlNVUe9,1,
Q062,B07QVNSJF7-MgNiUHCKTD,1,
Q062,B079JPNPF3-dVRAAiB38w,2,
Q062,B07NZJVGJP-5Cm94Qekxn,1,
Q062,B08ZRTSR2S-ijULzIDHPn,2,
Q062,B00T5KQAUU-R6IIl92EtE,0,
Q062,B07SSFL9T5-fMXSfjSNTt,1,
Q062,B08X7JHQG5-eNo41eoPni,0,
Q062,B08R8JSNL8-MbyIbNiCdx,0,
Q062,B005DT7YP2-nnBbuQzkCh,1,
Q062,B071F78NNF-C9qXmVHtyv,2,
Q062,B07DLGQBF5-E86PWtzjxU,0,
Q062,B00UV80M8Q-E94rnJdXDH,2,
Q062,B07CRNPF2R-vUGbL8dxk7,0,
Q062,B00IGIMQ9G-lNimfKZ5oe,0,
Q063,B08K8T4M29-J3KjJa8cDV,2,
Q063,B07TTN7DHV-hiqkcqOk13,2,
Q063,B07SGJMMMN-jcKWo3ziJm,2,
Q063,B00HN8FD9A-KgDDwHqKIX,2,
Q063,B094616DBT-RSEqy5Kcnm,0,
Q063,B07D293LTR-SO9qzycRJl,0,
Q063,B00IJ68LP8-2QXVng9LLw,2,
Q063,B08NZQ47WR-lHPZaggBnr,0,
Q063,B088FKY3VD-YTH8xIZM1J,1,
Q063,B072JC1JV2-gJSoFc1pDx,2,
Q063,B08RBDB6ZT-t6mt78sREJ,2,
Q063,B07RSM5PRD-VRaDGhJmWY,0,
Q063,B081QLTKR5-AKWJndXLZZ,0,
Q063,B01JW97CL4-adH08twQXG,2,
Q063,B07L7YZDM2-VWiwUyMMFa,0,
Q063,B08ML45Q7Y-ujVmkwVT8g,0,
Q063,B01JZ9C7BQ-1iA0dNdgH8,2,
Q063,B07NQW4NQR-vBMD4xIVXU,0,
Q064,B07G9QDLHR-2jJ5ciOD4c,1,
Q064,B098Q4SS34-LVI0qPbXQw,2,
Q064,B0182Y1IUG-MsFmP6wdnC,2,
Q064,B071F78NNF-C9qXmVHtyv,2,
Q064,B08WHBSK6R-dFrYTtLPts,1,
Q064,B01KB8R3NW-Q0K8KEpgYJ,0,
Q064,B0006ULJVI-zc5xJmBp4S,0,
Q064,B07HPC9TLX-YRsMfihslQ,0,
Q064,B00WEN2SXS-j3Ofx7LMoo,1,
Q064,B074D39JGY-U5DKXP6ega,2,
Q064,B07NNV9HQS-50OXirZRiR,0,
Q064,B07YYKZPPX-ffT6Uhw07J,0,
Q064,B01EWUD3Y8-mHnEJK1g2W,2,
Q064,B073RBSXY9-zHzmA4KR1V,1,
Q064,B0058WE96Q-ppaX3QjBvK,0,
Q064,B076WQZGPM-nFbmOHnKYa,2,
Q064,B01B26W9YA-asN3Mc47DS,0,
Q064,B07Z8H6BLP-tuF2UAoakM,0,
Q064,B07Q7QCR5Q-TJQ9j6A05f,0,
Q065,B08HJR4CM4-us3mCpL9X8,2,
Q065,B07GR87K96-dvEGhSQHsM,2,
Q065,B01F7RF9G0-WoIt7wYh11,1,
Q065,B07K2TNXVX-M6HMHXp8yM,0,
Q065,B08PQC8LQ2-nipuaUkxRF,0,
Q065,B011Q1TXKY-dzj5X1Ttcg,0,
Q065,B01N6J0NGK-b0plEOyRui,0,
Q065,B08619QGFH-s383Di6apI,0,
Q065,B099RRLL72-bQknlr2cMp,0,
Q065,B07FKB1LRD-T8uRDr68Jj,0,
Q065,B01C5K7JYM-9fNzCWLAlF,1,
Q065,B07JVW6ZTF-njZbcJjNcJ,0,
Q065,B00C17UPE6-LFuMk9TsuZ,1,
Q065,B017G9220S-0j9PieaSEB,0,
Q065,B079BHMD46-GJ1FhXsPI2,0,
Q065,B009WI1UKA-NfezsS2GPq,1,
Q065,B0773JSBX4-zjeO6eJuyC,0,
Q065,B07GS93SMP-VV5xofA9ul,0,
Q065,B06XFY9HZY-6k3jgmlRST,2,
Q065,B073WWT77W-Orho9IuHmQ,0,
Q065,B077TSWZDN-jMPqPEBqUh,0,
Q065,B0926V2N5J-8kUxWyqljn,0,
Q065,B01KYS5EVW-vbGZVDJU7u,2,
Q065,B01IW03FLU-lQlkFxAIiK,0,
Q066,B086QW86VL-KDzeLpHMIZ,2,
Q066,B07QZ1JRZN-62GFJvnTRx,1,
Q066,B088WNJC2L-fPZIrLK6Bk,1,
Q066,B07QKHSGVW-bzXCMrdGhB,1,
Q066,B07MMQPVSZ-GWi2Y6PiSC,1,
Q066,B07MT2D86K-ygueIHT28d,1,
Q066,B08JVGGGZ7-p44eyyurC2,1,
Q066,B095YK98D9-Msyw8IJqF5,0,
Q066,B09784YCMZ-hJcjx9sEXi,0,
Q066,B09M9DT9GM-NcpfiMa77g,1,
Q066,B07MHK2P15-OedGk1zjgH,1,
Q066,B07SNPQMXB-OQqzbWVa4O,2,
Q066,B071V3814G-gMSQdQDwRx,1,
Q066,B0891VW823-RZYNS3ytda,1,
Q066,B08N6426GW-0ZYsHN4Cfa,0,
Q066,B00V5JV3C4-ld6DYyeNdj,1,
Q066,B08K31YWT5-Fl8u8CZdQc,1,
Q066,B08VS87CDR-LT2PWfa1d0,0,
Q066,B01AHJY4YQ-jhxTdS8RpL,0,
Q066,B09FPTW3JT-jw8r3A4Xq0,1,
Q066,B08HCLCWSM-scecgAfOJp,1,
Q066,B08CGGR248-AhirSY1w8d,1,
Q066,B07JF4C4C2-CKbheN9Pot,1,
Q066,B01NCX8Y5V-psLDhepHET,1,
Q066,B09532QRJX-auMrAoMJqI,1,
Q067,B01ENAI5TK-5LA3lgkQ75,0,
Q067,B001P09A1Y-EQPamJ6Pq2,0,
Q067,B0011DN60Q-rf9lxtAQzX,0,
Q067,B076HSL73F-Xjwjz2vfYi,0,
Q067,B079RMTBF6-PTkgXDtvV0,0,
Q067,B00G9XOYMM-7zrlSaekUE,0,
Q067,B08LQZSNBN-YtojweDwYI,0,
Q067,B0784CHRM7-kTnfJZQ108,0,
Q067,B06ZY8KV82-wVam8w66MM,0,
Q067,B0176DATM2-musApl9wr0,0,
Q067,B09GJDGQGV-whoIhSIBIt,0,
Q067,B01CUPMQZE-NbrnTP3fAb,2,
Q067,B00B8Z551A-raINlouJuC,1,
Q067,B00OZWSSDK-7vMzc0jfg5,2,
Q067,B08J1X9PTF-908A9CTTb7,0,
Q067,B00H6P8N6U-MDjPxv0Qz4,0,
Q067,B01MS7609O-2CmQTMxGc6,0,
Q067,B083FVLQLP-Ybn1hv1kyI,0,
Q067,B0B1W1RJBG-z8ZQHwdS5M,0,
Q067,B0721H5ZKZ-JpJjzTtgGR,0,
Q067,B07RVJTJLX-7iHYYqBybw,0,
Q067,B087BGCW73-v9DUURzf9l,0,
Q067,B075VNFGBH-7bsXoLg7fD,0,
Q067,B07MPYKYT9-qxBWDoew9E,0,
Q067,B071JSQG3N-Zz6gdbovjN,0,
Q067,B07WLZ4HP9-oC54AD56yH,0,
Q067,B07W5S82Y5-uPGtk4vvVS,0,
Q067,B07SCTVYFS-qZ84Js3Jtv,0,
Q067,B07H9BKMKR-7GGDp2ptnE,0,
Q068,B01HJRLHAI-dbx2WL17xl,2,
Q068,B001DHNWY0-5k0aGuROZx,2,
Q068,B08VWJRTXH-zuOdP3jf4W,2,
Q068,B08VWLW2X5-D0esehsstv,2,
Q068,B07QS564MT-RlvF43si4R,0,
Q068,B08V4RHBYW-SWZBsl8q5N,2,
Q068,B00MOCOYR2-MZmJgGwq1Y,1,
Q068,B00NQ6HH2O-UUgKLn4Ff0,1,
Q068,B007V9JGDU-eRKtYOsspt,1,
Q068,B0145SOZ5S-IB0qJtGPs6,1,
Q068,B07HJMXH8W-cHRlGtg4jU,1,
Q068,B0034IO9ZC-XjTpZzrhsF,2,
Q068,B00TO335G0-tVgGB5ozHn,2,
Q068,B002ZNE5HY-oBIdV3Si6b,0,
Q068,B00LHR2A9O-A9wPwGzECi,1,
Q068,B002ZNG9P0-NFcam4Ie01,1,
Q068,B092LNZWDQ-TU8MdlBiNe,1,
Q068,B07KCVKR6L-w1CoZUmyZP,1,
Q069,B002ZNCAIA-vruvfmYAjf,2,
Q069,B0044EPWWE-JRB4Ei8tN5,2,
Q069,B00YTV4RIC-fL8IqbB5ha,1,
Q069,B00C9YRSCS-diedNmp0NJ,2,
Q069,B007G5M51Y-wteUHuM56j,1,
Q069,B07ZCND3VX-OmZM4S3ite,1,
Q069,B07X6KM9QW-PiRLVYTUp6,0,
Q069,B07NW26QY4-dXGMSUv1PT,2,
Q069,B001RQ1DBG-iRdA6YqJMs,1,
Q069,B006M8S8LM-IYA87RrBmr,0,
Q069,B0B4NXY6MW-ZKctb8UqP1,2,
Q069,B087G5L13L-dSPhj4a8Oe,2,
Q069,B07S1FCN3W-i1e1qz2tTW,2,
Q069,B093BPW8WY-lNfjzVwwq2,1,
Q069,B078ZF9JS1-W3Q6smlZl4,0,
Q069,B07MK16PWD-vchFbXteDS,1,
Q069,B09CGXHCJM-sDY6m1rPwm,2,
Q069,B08XXNHVX3-Z5BnbwmgH0,2,
Q069,B09KC11XYV-5amXdFbxma,2,
Q069,B08MZ153X8-3yrls8vQfs,2,
Q069,B01NH36C9I-avSeZ9cvIn,2,
Q069,B0819S8JV2-XN9Ru2QYVs,2,
Q070,B08GQZBWNW-ztbaTP8a7j,2,
Q070,B0B7RNTHPJ-mqdq2fym29,2,
Q070,B094QCFMHC-tU7rruFhbI,2,
Q070,B09YMH4HTQ-s9sWUlKi61,2,
Q070,B07YHH41LW-ib0bjwYvmA,1,
Q070,B0B41QGR8W-wuF1FSPBWs,2,
Q070,B09YPQLNS4-3mTiiic9o8,1,
Q070,B06XWT388P-NcZhGnniHS,1,
Q070,B0BCG8Y77J-0vh3PsqIAC,1,
Q070,B0BNKP5QDM-KjiLGHQlO7,2,
Q070,B07S1SFJ72-7SVE2T2GZ1,0,
Q070,B003O9H2NC-95P6OtHxLK,0,
Q070,B004OLUEZ2-hQ7uCgNcXW,2,
Q070,B0195UJTTS-6d6gzVA98G,1,
Q070,B074V2LNR6-M4f7nGX65B,1,
Q070,B08F3K9X1X-S6kpeD3f84,0,
Q070,B0BYNJRYCW-HObfwWILfw,2,
Q070,B09P6MFM2F-gxLCq0J0kl,0,
Q070,B0BSGK7XJ8-f1MuNrzrbk,1,
Q070,B076JLWTPJ-yXJcaIASTU,1,
Q071,B0195UJTTS-6d6gzVA98G,2,
Q071,B00FH42IFO-94xiwGT3Et,2,
Q071,B00DV1DQSI-m2PNt90vzA,2,
Q071,B087LP8R49-a8VUOkQOsC,2,
Q071,B07JMVG652-DEuzI6TZqL,2,
Q071,B078SPZYZ7-EIgW0grDj0,0,
Q071,B09LD7B4YN-UJH1qbQFQM,1,
Q071,B07V5GNTFY-BxdFCeWLf8,1,
Q071,B00DZU7V6S-HJ9jlRK4GI,1,
Q071,B01DXIH1PW-UbuvNxvqTF,1,
Q071,B00JVXZBKQ-s5BoEpCETI,2,
Q071,B00EV9VVIQ-DH5bNDAuim,2,
Q071,B0B74S6CVC-wGKVD9Q5xV,2,
Q071,B0767QM7J5-MabQDpdhEN,1,
Q071,B07YHH41LW-ib0bjwYvmA,2,
Q072,B0B5DRSS4M-YORDk6DFyg,2,
Q072,B0BMW2CPCN-P0EzPtCjGg,2,
Q072,B096539FVN-3ZxLkIN4QR,1,
Q072,B07WNM4YP7-CWQkPxsoL9,1,
Q072,B00K6M2BV8-O2guNQVB4w,1,
Q072,B08XTC8CQX-fNbxIuocGH,1,
Q072,B09LLZZ6C6-cdIFWh4Ofu,1,
Q072,B08K31FCFC-QygIO2O30z,1,
Q072,B09CD8ST7T-khJfNFu5XJ,1,
Q072,B071J6WLFN-GEr3u7E6gN,1,
Q072,B0892B3VWM-lNZU9NyRvz,2,
Q072,B07RGW4RX5-E5crx6fZVB,1,
Q072,B079M3G76T-UzsrTzrbCI,1,
Q072,B077SRPNNZ-a5sOOT6fM2,1,
Q073,B01HOIYIB2-ZYbB3jMFst,2,
Q073,B07MP9SK23-QwWM7lZJVp,2,
Q073,B092M5RTJQ-jYgfAKlwQn,2,
Q073,B071J6WLFN-GEr3u7E6gN,2,
Q073,B077SRPNNZ-a5sOOT6fM2,2,
Q073,B07FCKWGLM-HiKHNZxjW6,2,
Q073,B09CD8ST7T-khJfNFu5XJ,2,
Q073,B075WC9TVK-dwYyw1ikSg,2,
Q073,B0B5DRSS4M-YORDk6DFyg,2,
Q073,B09LLZZ6C6-cdIFWh4Ofu,2,
Q073,B07JG1GNHJ-5EnRXm0CZK,2,
Q073,B07RGW4RX5-E5crx6fZVB,2,
Q073,B079M3G76T-UzsrTzrbCI,2,
Q074,B07PQ3VS2T-u6s1974sYZ,2,
Q074,B0BJDMQ7YH-6NEVICRjb7,2,
Q074,B0C3VJ3RS1-ADb2b1AvtB,2,
Q074,B07G4F55ZL-tsQxTdJ6nE,2,
Q074,B01BDVWOT4-LCcScECM1W,2,
Q074,B00ZDPSEIC-aH02q49IcY,2,
Q074,B09D7Q1XNX-NM7AaMntD4,2,
Q074,B07Z67T19Y-sHEekF2MpS,2,
Q074,B000W40BI0-dD9fZ5g5xe,2,
Q074,B0BRT233MY-papwYvuhzR,2,
Q074,B07MB9LPK6-eCqJsJDrVf,2,
Q074,B081W69ZHV-jNBKatcwaU,2,
Q074,B07P8L2FD5-GVrriCKoSy,2,
Q074,B08M1W9THV-KofgQTwOEW,2,
Q074,B078HZYNY8-84To5AWD2p,0,
Q074,B0795SXJ4Z-5oQkf9k3D4,2,
Q074,B0BS6LSNTP-3vVgatAcTV,2,
Q074,B0893TVPKM-c0TXxwFpsq,2,
Q075,B07X8761BH-yAIxwPLtxR,1,
Q075,B0BKPTCB74-jOUuhBp8je,1,
Q075,B0B6598L4W-ZGGu16OAiF,1,
Q075,B0BG561XZ4-IwH9COYBcz,2,
Q075,B0B8YNDK45-W5wr7UHxal,1,
Q075,B07X4KZ1XQ-LobHXXnfhs,1,
Q075,B0BYKB1VHL-EpAq00umSb,2,
Q075,B09PKKVCHN-lGiV04yyqp,1,
Q075,B09STSZTDV-nR4Rvr4RMl,1,
Q075,B08LSSHTXS-XBRI8fKxDi,1,
Q075,B0BF9M2Y3W-McZsAbJxyB,1,
Q075,B09MQLG1QN-3FARgVFsRo,1,
Q075,B0BP7M152T-ZoY30WXpfe,1,
Q075,B08B9SH5XD-dPMFhgquLX,1,
Q075,B0BK6TDGSN-oOX5ra3zUD,1,
Q075,B0BWRKVXHP-cWQza7yFWZ,1,
Q075,B09RZZD545-XwKsnbTHYr,1,
Q075,B0BS31BMJN-wsH1M4dtFL,1,
Q075,B0B88RFLB4-gQKj7Cjcmx,1,
Q075,B0916P1VCN-G47T4t0oun,1,
Q076,B00Q1J5YHI-01rMoC5SjL,1,
Q076,B01LW5EJFV-R1TQFUGcgN,1,
Q076,B07CR39NNY-9f0qLvOeqU,1,
Q076,B08B7ZQ8BL-09nu0rxBp9,1,
Q076,B08FM8SCSM-BdgTQ1C8Qk,1,
Q076,B08HYRXSCB-yyiAHjMLKD,1,
Q076,B08C926LXC-FFaW7H0Quo,2,
Q076,B09Z6HSYBK-VaIctjqJ7F,2,
Q076,B01CZT2IW6-ivHeBXD5fz,2,
Q076,B00AYSI2NA-RQerhMEN4v,1,
Q076,B00M38MXFM-MtOb718GPS,1,
Q076,B07P7MRD44-mCN7iUcxW0,1,
Q076,B071X776KF-TSUhJNiSt3,1,
Q076,B08BNTPSL2-r4wTNorJOA,2,
Q076,B00SD90IK2-zBwDGnjea4,1,
Q076,B07F64P9QP-pg3CssQWWI,2,
Q076,B09D2ND9BS-HnYZeIQGl4,2,
Q076,B01AL11CPE-2kBqoH4j1B,1,
Q076,B081YMJQTD-72JLtPabRv,1,
Q076,B08RS8PVVV-NsnSnPBoVO,2,
Q076,B08MKJKJP2-bmIZbW5fRN,2,
Q076,B0BFJ1MDGG-N8WzVDLvpV,1,
Q076,B08MBW59D8-ehhdjLFpM6,1,
Q076,B088ZH7977-Emg2h9quNO,2,
Q076,B08FJFVZZL-3Xnty4lyDF,1,
Q077,B07LDHXT62-84Cyk7fRai,2,
Q077,B0826P4LNV-rHy9ChGzGT,2,
Q077,B07SYPYYFS-i9ZxX5j93N,2,
Q077,B07FGF82LY-dzpX92BWed,2,
Q077,B07DX9YNKS-DoRDwHSwmc,2,
Q077,B07G2SQRT4-qKgN4MVZhX,2,
Q077,B07PG9ZRXF-o9t39oFOJM,1,
Q077,B082P7P6DL-RKUK8BfhNg,0,
Q077,B07N4Q735P-NK2Rsyo3rr,1,
Q077,B08H23L4QZ-iQB66cxMg5,1,
Q077,B09QCB9T4Z-edpG0GUqMO,1,
Q077,B08CDL6LVT-ScLPhVoocP,1,
Q077,B0B142R3WM-8WezzTT0zz,1,
Q077,B09MKKNVBS-JVDiT5NOdV,1,
Q077,B079SLW6JZ-hxXdCNECGM,1,
Q077,B08T6VGF81-b17SdxobcW,1,
Q077,B074WCGJPH-c84RJU1XfL,1,
Q077,B01HB603GG-D8fTXJ4pmC,0,
Q078,B01M8HP3H4-6G111Q0IG4,1,
Q078,B07BSH4563-EFjbp47k2p,2,
Q078,B008JHZN94-aAobD77g0V,0,
Q078,B07RQRHD53-1Ct4rZixYu,1,
Q078,B0978W94VH-HYZqex4dPz,0,
Q078,B08973ZPV2-OGCLgAk5Za,0,
Q078,B017TZBQJW-gYI7CqVDjN,0,
Q078,B08R8F7MV6-28SMcsA18x,1,
Q078,B08764KNZV-3GoQ3a9MGt,0,
Q078,B09DSQ6PF6-2U6EMgqZKI,0,
Q078,B07VBLBQNP-JpMhXsPS0C,0,
Q078,B09VV9SH12-5c8ytW1ouR,0,
Q078,B01N2I66QY-hnLddvjFjs,0,
Q078,B07MBMZ18N-DDpbq6K9MJ,0,
Q078,B00W75W3Y2-jmy6ee87gY,0,
Q078,B09D8N57QM-1HBGPCCIt2,0,
Q078,B09HZH6Q1M-TWpCzR1TXP,0,
Q078,B07C1M3W9H-sWP0jhyFtp,0,
Q078,B00LADADA8-Cwk79Ld9Wl,0,
Q078,B09J41V1TL-lxmOPKvfn3,0,
Q078,B01B2KHTYG-8IaXdOz5A3,0,
Q078,B098T58Z82-AzTWNJExMt,0,
Q078,B007KTEDP2-Tbrnn7TyWC,0,
Q078,B0754368LN-jQU5PzSz6C,0,
Q078,B09BZ99YZR-PQ04VRLzR0,0,
Q078,B09BQQM3XL-fPf8Cfark7,0,
Q079,B08DJ9BRCW-BrlLdcosBf,2,
Q079,B00B7BZJZC-ysV32fK4ty,1,
Q079,B000F95BUA-HqXAssoIP2,1,
Q079,B00871XCD6-1SxRC6mdqM,1,
Q079,B0044GH3Y2-BpE4Km1Q4k,2,
Q079,B08BFYFDF7-8QJZJl5PmN,2,
Q079,B07HFZ5MMS-nOc4cQLGea,1,
Q079,B081BBPWZX-VEXHf6Q3dS,1,
Q079,B06XG96DCV-v6xy3MHHYh,1,
Q079,B016M42QNG-qHAF9y2GDA,1,
Q079,B014V1ST4M-Mii4EVdusQ,1,
Q079,B0987K8JZ7-1UsM0mMywX,1,
Q079,B00XSA563A-mWecKrnKU9,1,
Q079,B07ZF24729-Hdr8UCyh1n,1,
Q079,B0C167Q3ZW-ytk0YPMuBH,1,
Q079,B00JTS4ZKA-I39nu6yFKd,1,
Q079,B07P6P9JXR-JWl5BwfPuR,1,
Q079,B01LX6AJJ4-Rt8eZAjC45,1,
Q079,B00UUSLAT2-vjJk5uLKTs,1,
Q080,B0BB7DPXFS-GqmYmpAd9G,2,
Q080,B0BZSF7F9D-9zBXe6mm0V,2,
Q080,B0C65FDLKT-pm5JQduWg8,2,
Q080,B09NJLLXB7-dGnYbLKeRL,2,
Q080,B088WT6KHY-N8vQ1oWVfh,2,
Q080,B07KTYQVP9-8lSsKbx9px,2,
Q080,B0BWRKVXHP-cWQza7yFWZ,2,
Q080,B0BGFKNCDP-7O6mku0Wul,2,
Q080,B08RBNCP9N-6YpaIsiVYU,2,
Q080,B0B8ZBCCY6-NBAuJPkYng,2,
Q080,B07YTYFBCT-Jf1Me8jWHd,0,
Q080,B07TYMMCMQ-Lu8L5YAJMF,1,
Q080,B08LP9NMFR-PijXtSAo67,1,
Q080,B08R6SBG33-XmLvcx0mSM,1,
Q080,B01FEBPF6I-aknNulByQw,0,
Q080,B08DRJL4HN-wUFqN9bUAE,1,
Q080,B0C69KLS4W-pUMqcg17ap,1,
Q080,B09NPHPSRP-JIlqVy7piG,1,
Q080,B0BT9Q4CPB-NKrwU6UsUQ,1,
Q081,B0BFJ1MDGG-N8WzVDLvpV,2,
Q081,B093P2DYHR-ZqUGnw0rH4,2,
Q081,B09S5DZD29-2KoDooCJGY,2,
Q081,B09WKBDNLS-LRffnV3Y18,2,
Q081,B08CT8VD5Z-wpgAZtgqgV,2,
Q081,B0B72LV7W6-5nRtChoDyT,2,
Q081,B09446M5T5-ggey7LPj6X,2,
Q081,B0B9H2L4F4-pmoACV86zs,2,
Q081,B09D2ND9BS-HnYZeIQGl4,2,
Q081,B06WP7NML8-Pmc940TDkR,2,
Q081,B08PZDFFFX-8j8Pl3rmag,2,
Q081,B08P4LB96N-k9VcRGOXsQ,2,
Q081,B0978W94VH-HYZqex4dPz,2,
Q081,B01KM5VRSQ-xloOwf0FNW,2,
Q081,B002LBX7U6-t6EzExtYj2,0,
Q081,B07N1CM231-XKHexzMhTJ,2,
Q081,B0923LWHJS-3uEStI16dC,2,
Q081,B0C1RN1SBK-0g114RLcB3,2,
Q081,B08BNL9SDJ-gACjYpz4Un,2,
Q082,B07YM9FNLN-BJ7dqSQ7rP,2,
Q082,B08ZMPKJPM-yVwgeqB9Up,2,
Q082,B08X2YM19M-kxigzmLEpB,1,
Q082,B09J133N5V-Mh4D0nxbCb,2,
Q082,B01N022E44-yKgY6DYPmF,1,
Q082,B086ZGCTFB-ZguhxL3rfk,0,
Q082,B09WVYKZ31-KpiW2ijT9U,1,
Q082,B00AO0DS8M-6B86vkZfCH,0,
Q082,B002S53A8Y-9BNYnHf8m3,0,
Q082,B094JLWLCQ-zKubhGoAhe,0,
Q082,B00FF3ZHYG-U00BewhP9B,1,
Q082,B0073FA816-bbTH8iBdbR,1,
Q082,B098WSSZPJ-rt12xPuRaP,1,
Q082,B00IG3GZJI-2aXeUt9jp5,1,
Q082,B07D2L7968-VaqprZZloB,1,
Q082,B003OFZJGS-XWw7de6HSB,0,
Q082,B01G61W3R4-NNbUubigSS,2,
Q082,B072KJ7QZS-yD8sFms0EC,2,
Q082,B099W8DB2D-4F6C7xO0tw,1,
Q082,B0BNZRL4BY-iIzWRtKacM,1,
Q082,B01C9DABCC-NamEOqsb19,1,
Q083,B018MMAUSE-6iIVJ35plg,1,
Q083,B015761UIW-5caTw37gPI,0,
Q083,B084BXCT8Q-yyaGEyhb9I,2,
Q083,B08XYKNN4B-g0UAmYssSL,2,
Q083,B07WPB4PYV-bvhsWvBz8g,0,
Q083,B0052L7PP0-9M07IV2fzI,0,
Q083,B07DD2P3KZ-tbjlbQo18d,2,
Q083,B0BJXH8D7D-EKTntNgtF5,2,
Q083,B09MTDDVL3-YErYvSln1a,0,
Q083,B08HYHXY6X-XAFDo8DB1r,0,
Q083,B08P1TKBXK-ky7pAd2lgE,0,
Q083,B003C7KD2S-xiL8Bnaur7,1,
Q083,B06Y3DNBN4-3xdCl1a7vb,2,
Q083,B01AX1HN50-7DOpeDkoUB,0,
Q083,B0921DBXF8-QSe55XTIFR,0,
Q084,B00AVBH3EO-b7j34d9PxR,2,
Q084,B09SPWBMXB-F8aMyQ9XA7,2,
Q084,B089KGMHGV-MSTjoXJ4Qy,1,
Q084,B09CTC9CQK-62UdVaDrRZ,1,
Q084,B07QXXKCD9-7cU9Dhfk0i,1,
Q084,B0BTP5332V-7Us1MMdlol,1,
Q084,B07VW7HZYM-4PRRcNjEFv,1,
Q084,B0BPSKSFK5-MdAOci8OiZ,1,
Q084,B00004YZCI-gHukfiWicS,1,
Q084,B096B4KX36-0cN92X0Fwl,1,
Q084,B005D5BPVU-B0n3JDACRK,1,
Q084,B07CVN2NN4-lBcXT1H44A,1,
Q084,B014K0HNQ4-M7xj2V58xV,1,
Q084,B002CVAEWY-zxEBOa3s34,1,
Q084,B012OIDO0S-MzSwU8ozhE,1,
Q084,B00T5HPZ2C-eBNu4cvdKJ,1,
Q084,B0141MLIAS-20sbOsmp3z,1,
Q084,B083LYQ7Q6-RiFDbRSOKs,1,
Q084,B09PLHVBWF-fZZ2zqLRJ5,1,
Q084,B085Q7W4B9-CcSaq64M5b,1,
Q084,B07S7H9DTW-MZRQDqxYWf,1,
Q084,B07F17JGTM-rWDHqeBisb,1,
Q084,B08QRQM6XB-8C6yPg49lq,1,
Q084,B07M9M2WND-FSju3h7PHv,1,
Q084,B07GDD758B-pL3Ei6pK6a,1,
Q085,B084MGSRV8-1bIhFE9hPQ,2,
Q085,B07QWJGZM2-jjsdyK6ObO,0,
Q085,B099W8DB2D-4F6C7xO0tw,2,
Q085,B0BP7H466S-37iL0iCKER,2,
Q085,B0BNZRL4BY-iIzWRtKacM,2,
Q085,B094JLWLCQ-zKubhGoAhe,2,
Q085,B0BFXX2V21-x4ePhjzpnz,2,
Q085,B0BY8SK3F1-fb5QvBny8U,2,
Q085,B0821CQ2V3-dYQXXeF9xP,2,
Q085,B0BZSP15GD-C66QP1i5FE,2,
Q085,B01N7ZFSW5-e6pn6Jeeea,0,
Q085,B0035NQ8IC-Jvu5Akhhxe,0,
Q085,B01NCBGB7T-w8DacBrCpJ,1,
Q085,B00CR6F172-y6wtjVdfGm,1,
Q085,B012TVDYB4-XhJNOqpBom,1,
Q085,B09MTDDVL3-YErYvSln1a,1,
Q085,B00LSUJFXE-ybHg6cMFY1,1,
Q085,B00DOI9YHU-D109lfByrg,1,
Q085,B000RNBZWC-HdJCj1yVqt,1,
Q085,B08ML45Q7Y-ujVmkwVT8g,1,
Q085,B003E3DK6G-TCjhNthkVx,1,
Q085,B012UJ65RA-E2R1dDvE37,0,
Q085,B001LDKAU0-ezixMn1rR2,1,
Q085,B01AX1HN50-7DOpeDkoUB,1,
Q085,B08764KNZV-3GoQ3a9MGt,1,
Q085,B00M329E1O-G8s8deziuI,0,
Q085,B01HGYH2BW-R5xO5Xyabq,1,
Q085,B0B9R2SH51-ypEHUIqKBN,1,
Q086,B0B2WLWBBY-FppsoNc2Qn,2,
Q086,B0C1SQK9HF-A2N1UdigiH,2,
Q086,B093BSGNZ9-VGVmKgnPDw,0,
Q086,B0BBF6Q7F6-EMxph5QLt1,2,
Q086,B07CYFYVBR-Z2pQhZpsQe,1,
Q086,B0BX7HJQS1-uiBHpv8755,2,
Q086,B09NKZPCQ8-MXUkqzBzCX,1,
Q086,B09BKPFVNT-LYcWbPb0QU,1,
Q086,B002RC2LR4-gV7Z0tWY6X,1,
Q086,B0B2HXK3V5-5B4a6cKSC6,2,
Q086,B07DHHL7QL-wG788di0Ne,1,
Q086,B0825S5H8D-K3OrrIaKtL,1,
Q086,B001KPYDPW-2qnE5XPrK0,1,
Q086,B00THN8CVU-3HJrNxs05F,1,
Q086,B09RZR483B-5vcWNmQWa8,1,
Q086,B0BPBB78FP-U4hTwXoCaN,1,
Q086,B09C8CNYC9-RB4P23YBY6,1,
Q086,B08JQH8TYY-hjWZxDFVML,2,
Q086,B015VZHALA-dSvSTUrk6p,1,
Q087,B09NL22BTL-P7bJOpxL9a,2,
Q087,B08XYKNN4B-g0UAmYssSL,2,
Q087,B07DD2P3KZ-tbjlbQo18d,2,
Q087,B06Y3DNBN4-3xdCl1a7vb,2,
Q087,B018MMAUSE-6iIVJ35plg,1,
Q087,B000F2NJB0-vE87Pzxl5j,1,
Q087,B08FCDKP6V-QKiHxWCaKp,2,
Q087,B08HYHXY6X-XAFDo8DB1r,2,
Q087,B07WPB4PYV-bvhsWvBz8g,0,
Q087,B00OFOSAQI-JMYqD0yMPC,0,
Q087,B015761UIW-5caTw37gPI,0,
Q087,B01LXKHUKS-FA6q3L11XY,0,
Q087,B09XQMG5BN-zQWXfv1bkA,0,
Q087,B0085YETOQ-wUXmzXaS77,0,
Q087,B005S0KF3Y-KGcWvM7Nrm,0,
Q087,B0052L7PP0-9M07IV2fzI,0,
Q088,B08XYKNN4B-g0UAmYssSL,2,
Q088,B07WPB4PYV-bvhsWvBz8g,2,
Q088,B018MMAUSE-6iIVJ35plg,1,
Q088,B08P1TKBXK-ky7pAd2lgE,1,
Q088,B015761UIW-5caTw37gPI,1,
Q088,B003C7KD2S-xiL8Bnaur7,1,
Q088,B0921DBXF8-QSe55XTIFR,2,
Q088,B09NL22BTL-P7bJOpxL9a,1,
Q088,B0B2QWKMTC-0VCFOYTHC7,1,
Q088,B0BPS1Z25J-M4J5mswgaS,0,
Q088,B0085YETOQ-wUXmzXaS77,1,
Q088,B084BXCT8Q-yyaGEyhb9I,2,
Q088,B09MTDDVL3-YErYvSln1a,0,
Q088,B06Y3DNBN4-3xdCl1a7vb,0,
Q088,B07LG12GSB-vYuN65zPhk,0,
Q088,B07C4PD613-kiMUUXz66f,0,
Q088,B09RTM1TG2-UDASf7xTyc,0,
Q088,B01AX1HN50-7DOpeDkoUB,0,
Q089,B0189GTNDQ-nvE6fvfS4O,2,
Q089,B08CRNRJ6T-9qmy5GNeSk,2,
Q089,B00VRV1LSG-izppruaCp1,2,
Q089,B00NU4MMDQ-UBj2PwaOHc,2,
Q089,B07BTCGCSF-9hYZtrfLw5,2,
Q089,B08SW35458-cVOyxbVi3Q,2,
Q089,B092PRFLMV-lF1SA0l247,2,
Q089,B0B2QPJ6WC-1WPqkEVX7I,1,
Q089,B00KMRLOCY-8ozXbR7ZMm,0,
Q089,B08Z7Z4TDQ-LfS81cEjp4,1,
Q089,B07W6L8K8Q-ybfwvyal4O,1,
Q089,B07MPYKYT9-qxBWDoew9E,2,
Q089,B07QL871YF-gMvDqdfepJ,1,
Q089,B08DDBFMTB-TBSA1vMt1b,1,
Q090,B0871HPPK7-AXPqyrWSHU,2,
Q090,B0832J9TDK-kiRYYz8dnF,2,
Q090,B088WKMWYL-BXKYmT4Fxn,1,
Q090,B07PYWK9XJ-836WPIXtT7,1,
Q090,B09GLMT3RG-h0d5mWbFIT,1,
Q090,B074ZH5R45-NKdWqIGJdT,1,
Q090,B07CSJB96J-Zwsk0yx0nA,1,
Q090,B06XHW1NTG-mmlrfVMqqA,1,
Q090,B08YYB1Z4B-lzw50FQ4pm,1,
Q090,B07GNH6ZVD-Zi30uOJ7xo,1,
Q090,B08DNKG75W-cNXmQGWaXk,1,
Q090,B07SC82GH1-svRi8KqTE4,1,
Q090,B004KPSBDE-gKgNQk0Kgn,1,
Q090,B01AIXS3KC-QVcrz2feX8,1,
Q090,B08QRWJSJC-AzvY5Yerv6,0,
Q090,B01730HVR4-lw30d81DQn,0,
Q090,B07HX1T2G7-vSAFHowewk,0,
Q091,B08H9SMFHG-pwkhMnQlVJ,2,
Q091,B07PLQG772-mtsB0LXVmE,2,
Q091,B08GC4GBWB-klsaH7PfKi,2,
Q091,B06ZZ57LKJ-yQwNgBzr8k,2,
Q091,B00H6P8N6U-MDjPxv0Qz4,2,
Q091,B07CHSQSWJ-JgXc37Ne87,1,
Q091,B094ZDJCX6-B6DNcNVNnL,1,
Q091,B08TMPSJTG-9NsjOKrFXS,1,
Q091,B004GC0I32-6zuc7Iex21,1,
Q091,B0861HKG3B-iPbESV1Jcc,1,
Q091,B07CQR689B-TkoLcj7SAn,1,
Q091,B08P4RV2YG-hkgMbPBdf3,1,
Q091,B07TCYB8Y1-YiE5UKGVTT,0,
Q091,B014TJ0OMG-mGEzSvUapn,0,
Q091,B01JZ7J64Y-uY2rEq9EYK,0,
Q091,B07RKHPKZ9-arft9YnueN,0,
Q092,B09LHF1576-9dcYMM3BvH,2,
Q092,B07SKL252W-w5v5CXb6o2,2,
Q092,B00RVXMAES-mC4DaXQHul,2,
Q092,B089RDBVDS-BpZQdVpXwW,2,
Q092,B0913C9572-zonCFQbX1q,2,
Q092,B08HXCZFBG-oiV3gLhgRq,1,
Q092,B07MV527KR-sAqQRElcCF,1,
Q092,B091Q3G565-YR2yvVDC87,2,
Q092,B0BGKQVYJY-86k14wGeIp,0,
Q092,B07HJYC1V4-lIzyQ705Kg,1,
Q092,B08PPBDTK7-7GrCyxHBO1,1,
Q092,B002IRESZG-a82nptVc7N,1,
Q092,B07VQNF6BQ-0FLDPUH6VA,1,
Q092,B0B4H5TZD6-Ar9Ky6Au0Q,1,
Q092,B0842PYWP5-ly3SmgBapc,1,
Q092,B07HT4XFY6-gFvnlyuwNB,1,
Q093,B08Z7Z4TDQ-LfS81cEjp4,2,
Q093,B07H7BV4BZ-FjNR9nnv1L,2,
Q093,B09HXTGF57-rizppYUgDY,2,
Q093,B0972FLTL5-xZrjb2Txj9,2,
Q093,B0741Q6ZSK-YPDTvVCUqZ,2,
Q093,B073ZG474B-Luuckex8u2,1,
Q093,B0BPVLM5K7-EQP6D7CNN6,1,
Q093,B08WSCJDL6-OkgBpVcmVK,1,
Q093,B07MW8WC62-nQQ0cKDdhb,1,
Q093,B089F53G25-ZcIa2dXS2z,1,
Q093,B06WWPF4SX-nlUHOnTfaL,1,
Q093,B0BB6B66YD-2wHKB6FMBu,1,
Q093,B01IMYJ0AG-qZC6nXSjUm,1,
Q093,B08R63W9Q4-AvEaJ2g3Hz,1,
Q093,B0C2YRHBZZ-ebRlytTww4,2,
Q093,B01N0L2GCU-gy6ShAUgec,2,
Q093,B089KPJ3T8-Wxmwmv02H0,1,
Q094,B008ARIFAC-pb3OGRzRn6,2,
Q094,B08JGGM2JF-acMPq3sv8f,2,
Q094,B084JD3XSC-RElXJemw4P,1,
Q094,B097B4TLNB-UfjYp7gLwQ,1,
Q094,B08K8NT48Y-yEIKhKRpjX,1,
Q094,B08NSS5HM9-HJcKLwKVee,2,
Q094,B0897TXH83-KGsatO9CCP,1,
Q094,B083K7B4C1-Ffdt2AvAHm,1,
Q094,B09XBD9GRH-KnvXj2Sxle,1,
Q094,B08V6GWRSC-WrxHBKNgGe,1,
Q094,B000LNZ66E-iUIfJreyRJ,0,
Q094,B0C523W9L9-3WveSHSE1L,0,
Q094,B00387WFJ6-rAAgrMwGBC,0,
Q094,B00P0QQRPG-7H1COlPMxy,0,
Q094,B003XD66C2-vKjHvUSPP3,0,
Q094,B07CN81653-zUNWxhZwXt,0,
Q094,B07CGC75Y2-byyWFeCd3X,0,
Q094,B08KSBF8NL-amg0UwQFCy,0,
Q094,B01M0JWDK0-4E8eF4Hpig,0,
Q094,B01N0L2GCU-gy6ShAUgec,0,
Q094,B0BDDGCZV9-uCOQ85yTNN,1,
Q094,B08GR6HBJW-IrMVI5wmJY,1,
Q094,B00HUKHD30-g4r3CNGsZY,1,
Q094,B08L9FWBMK-RW5ajNGSsk,1,
Q094,B08BJ79TFY-OmQa6OfBmt,1,
Q094,B08Y57965N-5QDi91Siy3,0,
Q095,B08R8LJBW4-ZzaFP80yy1,2,
Q095,B00W38OAG2-HR8XA1JdY1,2,
Q095,B08DHJ156H-AJo2Fyin96,2,
Q095,B00EOCQ4PU-MKzpYEUIsN,2,
Q095,B003KH0B9K-cjSMMdB7Ip,1,
Q095,B0BSTRXB36-suN60lsN7j,1,
Q095,B09PF973D8-tXIAmqcFuz,1,
Q095,B001PZ7ASY-xszDe56Es6,0,
Q095,B00NB8BB8I-OklKKjauSN,1,
Q095,B0BPBM1FCQ-nYRMdmjrk2,1,
Q095,B0BZM3PWZ9-xIbMQylh4e,1,
Q095,B078JR6GFP-3ZobputwbZ,1,
Q095,B07N8XX3CX-u0fe08XBIX,1,
Q095,B074F1R7HS-TGoQy3hk1d,1,
Q095,B00XLX14OY-ZO7pkGozHH,1,
Q095,B07GFT9MFH-IC87KRyu9W,1,
Q095,B003MA6S8S-xN4p2WNku4,1,
Q095,B01MXKQ6QO-i3daIqDc0f,1,
Q095,B07DKT1J7G-6EhxIJI1PI,1,
Q095,B0B5MM45LX-8gJB1cvPEP,1,
Q095,B00QL1Q5CE-hKKtzU5drw,1,
Q095,B083P3F9BX-BHnCIa4FAc,1,
Q095,B07N5KYBP3-Kr8sT0rSKK,2,
Q096,B07P7TZSFS-DaZAtdlBsu,2,
Q096,B08M5LCZDZ-PE7n9OgQC7,0,
Q096,B09H61PN51-YEGKSWhU73,2,
Q096,B09ZQHTPDQ-EreEXLVAsc,0,
Q096,B09JCBC9T3-6SAGNnrtC2,0,
Q096,B09KTJP834-6Y5ihwIf5r,2,
Q096,B09DTP7S4T-6GjjhttM2E,0,
Q096,B096ZL9KDY-i8WAXjblH0,0,
Q096,B081D87QCJ-P5V5mMTcJA,2,
Q096,B003D1UTRC-HteOtLAQvc,2,
Q096,B0787K2YWB-biW5YMIm3W,0,
Q096,B08L5MZD4R-BsURjsxNbn,2,
Q096,B01M1UO6EQ-f6aXodetGD,2,
Q096,B09NXZJV2J-HdnPlGvzK4,2,
Q096,B07L11PGZ7-TJns5NZcCM,2,
Q096,B07YYKZPPX-ffT6Uhw07J,2,
Q096,B07Q7ZGCT3-wjjQsAtZdm,2,
Q096,B01A075W8M-fT45Vmut9E,2,
Q096,B07XH6VT35-VZzHhFJWnH,2,
Q096,B071F78NNF-C9qXmVHtyv,2,
Q096,B07DFRNF9K-ETLoAZ2H20,2,
Q096,B01AM2130Q-JZiTwihTC1,2,
Q096,B07CZ3TJXH-HyRmfL2zqS,2,
Q096,B0777QHNLR-puSjjud5MP,2,
Q096,B0007CHJGY-Xv00kKXR4b,2,
Q096,B01B26W9YA-asN3Mc47DS,2,
Q096,B000JKGAV4-XHiXNiCARY,2,
Q096,B0058WE96Q-ppaX3QjBvK,2,
Q096,B00ONFM5D8-ziqL8tnbud,2,
Q096,B08WHBSK6R-dFrYTtLPts,2,
Q097,B0759G9SG4-Ba82qhi4A2,2,
Q097,B08D8LMVV4-2ttOWaC2n3,2,
Q097,B085PS3DLH-ZWj9YyIeJx,1,
Q097,B09S5DZD29-2KoDooCJGY,2,
Q097,B078HFSPQJ-mM99Ur7dro,1,
Q097,B0B3D98MDT-ayrBw0FqFF,1,
Q097,B01516LEO8-uNLlBe38vU,2,
Q097,B0BB7QH57K-DzoaM8KDNg,2,
Q097,B094FJRS5C-ZhVh0XGWl1,2,
Q097,B09SB56HFT-nT7TY7TedD,2,
Q097,B016YA8WGS-vzY9VG7VYV,2,
Q097,B06XJLBSYB-TwhLb6p4zP,2,
Q097,B07ZF24729-Hdr8UCyh1n,2,
Q097,B09372C6TL-YCguWrzx7I,2,
Q097,B00DFLEV4C-J1mSiXXcyw,1,
Q097,B01D2ITR4G-T3fG7iuXNd,0,
Q097,B01G8GKAPO-HK2uO9chan,2,
Q097,B07V9556NK-1CDedck7AD,1,
Q097,B00OMFP4QY-iruiqKkojQ,1,
Q097,B07DMZGNNM-0l23OaG6Ye,1,
Q097,B09WKBDNLS-LRffnV3Y18,2,
Q097,B07Q8JSSJK-BWrEZMl6F6,2,
Q097,B08HMR4MJ9-eJIBZQhTMk,2,
Q097,B0C5LTJBTC-jtLHDBCHTQ,1,
Q097,B09BQQM3XL-fPf8Cfark7,2,
Q097,B0BHY2CR5B-mK8zc5ydCM,1,
Q098,B096539FVN-3ZxLkIN4QR,2,
Q098,B07FCKWGLM-HiKHNZxjW6,2,
Q098,B077SRPNNZ-a5sOOT6fM2,2,
Q098,B09LLZZ6C6-cdIFWh4Ofu,2,
Q098,B0B5DRSS4M-YORDk6DFyg,2,
Q098,B09CD8ST7T-khJfNFu5XJ,2,
Q098,B07JG1GNHJ-5EnRXm0CZK,2,
Q098,B079M3G76T-UzsrTzrbCI,2,
Q098,B07WNM4YP7-CWQkPxsoL9,2,
Q098,B0892B3VWM-lNZU9NyRvz,2,
Q098,B07RGW4RX5-E5crx6fZVB,1,
Q098,B071J6WLFN-GEr3u7E6gN,1,
Q098,B092M5RTJQ-jYgfAKlwQn,1,
Q098,B07MP9SK23-QwWM7lZJVp,1,
Q098,B075WC9TVK-dwYyw1ikSg,1,
Q098,B0BMW2CPCN-P0EzPtCjGg,1,
Q099,B08L5MZD4R-BsURjsxNbn,0,
Q099,B07PFH92HN-UJcvd95e5b,0,
Q099,B007A3HCGU-F2gFz3MWM3,1,
Q099,B071JD99LS-KBOUOUeehj,1,
Q099,B09G31V2G5-nuOTFG39LL,0,
Q099,B0893THTYV-5ydce7YPUf,0,
Q099,B07XH6VT35-VZzHhFJWnH,0,
Q099,B009Z7N9F2-gbUVqqY71b,0,
Q099,B075CRJST2-9eD38jqYWI,0,
Q099,B0B2R8LC1R-bQp1cyiypM,0,
Q099,B09X1B56ST-wcl9DjkNq3,2,
Q099,B07PSNWDKF-RJrkbElZD9,2,
Q099,B00F63EYUI-Sh4xK6r33z,2,
Q099,B0C5V83YMB-3Ic5t7KUSy,0,
Q099,B001600NKA-Gzl38RfzAH,2,
Q099,B0738G3VC4-ndTXA1DB7C,0,
Q099,B08PF7KP1H-paqM0ZCgRw,2,
Q099,B09GRY7818-8tLhNIjwFq,2,
Q099,B0B2QWKMTC-0VCFOYTHC7,0,
Q099,B07CYM2PFR-9eHjbf3o6A,2,
Q099,B003TLNHOS-h9LJ8TReDu,0,
Q099,B081YNY3WF-QCXOqFFahV,2,
Q099,B07SH2SMSL-Tr7dSz1e6h,2,
Q099,B09C8CNYC9-RB4P23YBY6,2,
Q099,B0178LNL18-eNOQATEtIk,2,
Q099,B0050AM95E-EqAkSLVipF,0,
Q099,B07CTLM4ZK-JpPdHJDR3v,2,
Q100,B0189GTNDQ-nvE6fvfS4O,2,
Q100,B09CFTM3Z3-kKwWHXKdgi,2,
Q100,B07ZFG1NRS-uiSD1gl2VJ,2,
Q100,B07DKT1J7G-6EhxIJI1PI,0,
Q100,B089KPJ3T8-Wxmwmv02H0,2,
Q100,B09ZH7CRR6-nqf2YOCUKA,2,
Q100,B08ZKZRDTT-l1NHqoWBjE,2,
Q100,B000LPK1HG-hQMSz5eRib,2,
Q100,B07CTJ9CHN-PrmD0UbRTB,2,
Q100,B0BV6LSX8R-0sCws0dyzr,2,
Q100,B083PWXXPH-pTJpWFy0eO,2,
Q100,B009Z7N9F2-gbUVqqY71b,2,
Q100,B089F53G25-ZcIa2dXS2z,2,
Q100,B09Y87YY3M-lXswBrovBn,2,
Q100,B0B5RL8F63-4ZBgy4A16e,2,
Q100,B07DDKSKMV-52yq0vF6rm,2,
Q100,B00GC2HWDS-hPGoBs9sWY,1,
Q100,B071DX6QV3-GdL4ABRFkI,2,
Q100,B07MW8WC62-nQQ0cKDdhb,2,
Q100,B08NFK7TFJ-nuzW392fjn,2,
Q100,B01BWL90V0-vhZsLiCRX0,2,
Q100,B01L7EZR0U-1WQX5YYjEY,2,
Q100,B01G1ETJR8-MuvtDHhH6L,2,
Q100,B07NQ2MG6Y-KyITLwnjzy,2,
Q100,B073ZG474B-Luuckex8u2,2,
Q100,B01MXJCVI7-JQZ4lAF1MO,1,
Q100,B08L5MZD4R-BsURjsxNbn,0,
Q100,B07JFZ2532-anAloLiUkx,2,
Q100,B01FT6PUOU-9XLYZAfHGN,2,
